timestamp,value,prediction_training,prediction,label,warp_distance,threshold_training,distance_threshold,positive_detection
2011-07-01 00:00:01,0.0819647,1,0,0,0,0,-1,0
2011-07-01 01:00:01,0.0989722,1,0,0,0,0,-1,0
2011-07-01 02:00:01,0.0653139,1,0,0,0,0,-1,0
2011-07-01 03:00:01,0.0706628,1,0,0,0,0,-1,0
2011-07-01 04:00:01,0.10249,1,0,0,0,0,-1,0
2011-07-01 05:00:01,0.123395,1,0,0,0,0,-1,0
2011-07-01 06:00:01,0.153045,1,0,0,0,0,-1,0
2011-07-01 07:00:01,0.148322,1,0,0,0,0,-1,0
2011-07-01 08:00:01,0.218258,1,0,0,0,0,-1,0
2011-07-01 09:00:01,0.226598,1,0,0,0,0,-1,0
2011-07-01 10:00:01,0.174046,1,0,0,0,0,-1,0
2011-07-01 11:00:01,0.159902,1,0,0,0,0,-1,0
2011-07-01 12:00:01,0.145626,1,0,0,0,0,-1,0
2011-07-01 13:00:01,0.143829,1,0,0,0,0,-1,0
2011-07-01 14:00:01,0.136605,1,0,0,0,0,-1,0
2011-07-01 15:00:01,0.134952,1,0,0,0,0,-1,0
2011-07-01 16:00:01,0.112708,1,0,0,0,0,-1,0
2011-07-01 17:00:01,0.103763,1,0,0,0,0,-1,0
2011-07-01 18:00:01,0.0987148,1,0,0,0,0,-1,0
2011-07-01 19:00:01,0.0916248,1,0,0,0,0,-1,0
2011-07-01 20:00:01,0.0804952,1,0,0,0,0,-1,0
2011-07-01 21:00:01,0.0845784,1,0,0,0,0,-1,0
2011-07-01 22:00:01,0.0866643,1,0,0,0,0,-1,0
2011-07-01 23:00:01,0.0988317,1,0,0,0,0,-1,0
2011-07-02 00:00:01,0.117956,1,0,0,0,0,-1,0
2011-07-02 01:00:01,0.0909769,1,0,0,0,0,-1,0
2011-07-02 02:00:01,0.0843243,1,0,0,0,0,-1,0
2011-07-02 03:00:01,0.0694745,1,0,0,0,0,-1,0
2011-07-02 04:00:01,0.0712876,1,0,0,0,0,-1,0
2011-07-02 05:00:01,0.0738199,1,0,0,0,0,-1,0
2011-07-02 06:00:01,0.113498,1,0,0,0,0,-1,0
2011-07-02 07:00:01,0.141458,1,0,0,0,0,-1,0
2011-07-02 08:00:01,0.189129,1,0,0,0,0,-1,0
2011-07-02 09:00:01,0.15134,1,0,0,0,0,-1,0
2011-07-02 10:00:01,0.155231,1,0,0,0,0,-1,0
2011-07-02 11:00:01,0.142982,1,0,0,0,0,-1,0
2011-07-02 12:00:01,0.144218,1,0,0,0,0,-1,0
2011-07-02 13:00:01,0.143367,1,0,0,0,0,-1,0
2011-07-02 14:00:01,0.152362,1,0,0,0,0,-1,0
2011-07-02 15:00:01,0.14305,1,0,0,0,0,-1,0
2011-07-02 16:00:01,0.102184,1,0,0,0,0,-1,0
2011-07-02 17:00:01,0.0924731,1,0,0,0,0,-1,0
2011-07-02 18:00:01,0.0764557,1,0,0,0,0,-1,0
2011-07-02 19:00:01,0.074353,1,0,0,0,0,-1,0
2011-07-02 20:00:01,0.0709894,1,0,0,0,0,-1,0
2011-07-02 21:00:01,0.0571909,1,0,0,0,0,-1,0
2011-07-02 22:00:01,0.0629096,1,0,0,0,0,-1,0
2011-07-02 23:00:01,0.0655448,1,0,0,0,0,-1,0
2011-07-03 00:00:01,0.056716,1,0,0,0,0,-1,0
2011-07-03 01:00:01,0.0587607,1,0,0,0,0,-1,0
2011-07-03 02:00:01,0.0598789,1,0,0,0,0,-1,0
2011-07-03 03:00:01,0.0512832,1,0,0,0,0,-1,0
2011-07-03 04:00:01,0.0591086,1,0,0,0,0,-1,0
2011-07-03 05:00:01,0.0691399,1,0,0,0,0,-1,0
2011-07-03 06:00:01,0.0919631,1,0,0,0,0,-1,0
2011-07-03 07:00:01,0.124621,1,0,0,0,0,-1,0
2011-07-03 08:00:01,0.218095,1,0,0,0,0,-1,0
2011-07-03 09:00:01,0.17213,1,0,0,0,0,-1,0
2011-07-03 10:00:01,0.142936,1,0,0,0,0,-1,0
2011-07-03 11:00:01,0.147341,1,0,0,0,0,-1,0
2011-07-03 12:00:01,0.123138,1,0,0,0,0,-1,0
2011-07-03 13:00:01,0.123796,1,0,0,0,0,-1,0
2011-07-03 14:00:01,0.121459,1,0,0,0,0,-1,0
2011-07-03 15:00:01,0.114388,1,0,0,0,0,-1,0
2011-07-03 16:00:01,0.0894913,1,0,0,0,0,-1,0
2011-07-03 17:00:01,0.0797852,1,0,0,0,0,-1,0
2011-07-03 18:00:01,0.0724257,1,0,0,0,0,-1,0
2011-07-03 19:00:01,0.0671053,1,0,0,0,0,-1,0
2011-07-03 20:00:01,0.0625718,1,0,0,0,0,-1,0
2011-07-03 21:00:01,0.0512057,1,0,0,0,0,-1,0
2011-07-03 22:00:01,0.0502177,1,0,0,0,0,-1,0
2011-07-03 23:00:01,0.0530833,1,0,0,0,0,-1,0
2011-07-04 00:00:01,0.0454658,1,0,0,0,0,-1,0
2011-07-04 01:00:01,0.0482012,1,0,0,0,0,-1,0
2011-07-04 02:00:01,0.0424707,1,0,0,0,0,-1,0
2011-07-04 03:00:01,0.0361948,1,0,0,0,0,-1,0
2011-07-04 04:00:01,0.042348,1,0,0,0,0,-1,0
2011-07-04 05:00:01,0.0616081,1,0,0,0,0,-1,0
2011-07-04 06:00:01,0.097395,1,0,0,0,0,-1,0
2011-07-04 07:00:01,0.122107,1,0,0,0,0,-1,0
2011-07-04 08:00:01,0.182614,1,0,0,0,0,-1,0
2011-07-04 09:00:01,0.176125,1,0,0,0,0,-1,0
2011-07-04 10:00:01,0.146951,1,0,0,0,0,-1,0
2011-07-04 11:00:01,0.121809,1,0,0,0,0,-1,0
2011-07-04 12:00:01,0.127352,1,0,0,0,0,-1,0
2011-07-04 13:00:01,0.111391,1,0,0,0,0,-1,0
2011-07-04 14:00:01,0.123799,1,0,0,0,0,-1,0
2011-07-04 15:00:01,0.110898,1,0,0,0,0,-1,0
2011-07-04 16:00:01,0.086407,1,0,0,0,0,-1,0
2011-07-04 17:00:01,0.0857901,1,0,0,0,0,-1,0
2011-07-04 18:00:01,0.0712334,1,0,0,0,0,-1,0
2011-07-04 19:00:01,0.066484,1,0,0,0,0,-1,0
2011-07-04 20:00:01,0.0633661,1,0,0,0,0,-1,0
2011-07-04 21:00:01,0.0602729,1,0,0,0,0,-1,0
2011-07-04 22:00:01,0.0604935,1,0,0,0,0,-1,0
2011-07-04 23:00:01,0.0596346,1,0,0,0,0,-1,0
2011-07-05 00:00:01,0.0555023,1,0,0,0,0,-1,0
2011-07-05 01:00:01,0.0426702,1,0,0,0,0,-1,0
2011-07-05 02:00:01,0.0454551,1,0,0,0,0,-1,0
2011-07-05 03:00:01,0.0372701,1,0,0,0,0,-1,0
2011-07-05 04:00:01,0.0448207,0,0.82066,0,0,1,-1,0
2011-07-05 05:00:01,0.0649965,0,0.784266,0,0,1,-1,0
2011-07-05 06:00:01,0.0948187,0,0.792066,0,0,1,-1,0
2011-07-05 07:00:01,0.117722,0,0.799823,0,0,1,-1,0
2011-07-05 08:00:01,0.176833,0,0.806503,0,4.04002,1,-1,0
2011-07-05 09:00:01,0.146557,0,0.809744,0,3.92896,1,-1,0
2011-07-05 10:00:01,0.133574,0,0.81284,0,3.86503,1,-1,0
2011-07-05 11:00:01,0.139592,0,0.81392,0,4.00542,1,-1,0
2011-07-05 12:00:01,0.113243,0,0.812993,0,4.07568,1,-1,0
2011-07-05 13:00:01,0.12106,0,0.810785,0,4.11303,1,-1,0
2011-07-05 14:00:01,0.119309,0,0.808337,0,4.17737,1,-1,0
2011-07-05 15:00:01,0.105716,0,0.804767,0,4.16137,1,-1,0
2011-07-05 16:00:01,0.0908554,0,0.800656,0,4.19358,1,-1,0
2011-07-05 17:00:01,0.0824758,0,0.795424,0,4.25387,1,-1,0
2011-07-05 18:00:01,0.074498,0,0.788461,0,4.29902,1,-1,0
2011-07-05 19:00:01,0.075724,0,0.781249,0,4.30913,1,-1,0
2011-07-05 20:00:01,0.0704837,0,0.774134,0,4.29902,1,-1,0
2011-07-05 21:00:01,0.0659228,0,0.771867,0,4.26795,1,-1,0
2011-07-05 22:00:01,0.0508973,0,0.767479,0,4.26969,1,-1,0
2011-07-05 23:00:01,0.0550694,0,0.7623,0,4.27898,1,-1,0
2011-07-06 00:00:01,0.0592648,0,0.759929,0,4.29076,1,-1,0
2011-07-06 01:00:01,0.0506581,0,0.760523,0,4.25257,1,-1,0
2011-07-06 02:00:01,0.040955,0,0.764089,0,4.24721,1,-1,0
2011-07-06 03:00:01,0.0354873,0,0.769185,0,4.29555,1,-1,0
2011-07-06 04:00:01,0.0584236,0,0.775318,0,4.32667,1,-1,0
2011-07-06 05:00:01,0.0979736,0,0.78366,0,4.28467,1,-1,0
2011-07-06 06:00:01,0.109025,0,0.792721,0,4.16161,1,-1,0
2011-07-06 07:00:01,0.11874,0,0.800516,0,4.05528,1,-1,0
2011-07-06 08:00:01,0.171501,0,0.807061,0,4.00088,1,-1,0
2011-07-06 09:00:01,0.177857,0,0.810238,0,3.90918,1,-1,0
2011-07-06 10:00:01,0.138678,0,0.812171,0,3.81701,1,-1,0
2011-07-06 11:00:01,0.140806,0,0.813658,0,3.9021,1,-1,0
2011-07-06 12:00:01,0.153418,0,0.813176,0,4.01765,1,-1,0
2011-07-06 13:00:01,0.111401,0,0.811276,0,4.03635,1,-1,0
2011-07-06 14:00:01,0.114155,0,0.809485,0,4.08139,1,-1,0
2011-07-06 15:00:01,0.117304,0,0.806615,0,4.19175,1,-1,0
2011-07-06 16:00:01,0.0871753,0,0.803223,0,4.19516,1,-1,0
2011-07-06 17:00:01,0.0905657,0,0.798923,0,4.22808,1,-1,0
2011-07-06 18:00:01,0.0828234,0,0.793262,0,4.29973,1,-1,0
2011-07-06 19:00:01,0.0885175,0,0.786143,0,4.27491,1,-1,0
2011-07-06 20:00:01,0.0849336,0,0.779951,0,4.259,1,-1,0
2011-07-06 21:00:01,0.0927851,0,0.776142,0,4.20382,1,-1,0
2011-07-06 22:00:01,0.080656,0,0.773015,0,4.17345,1,-1,0
2011-07-06 23:00:01,0.0737714,0,0.77001,0,4.15171,1,-1,0
2011-07-07 00:00:01,0.0589785,0,0.767826,0,4.19598,1,-1,0
2011-07-07 01:00:01,0.0518829,0,0.768216,0,4.23574,1,-1,0
2011-07-07 02:00:01,0.0399153,0,0.771313,0,4.29328,1,-1,0
2011-07-07 03:00:01,0.0365565,0,0.775098,0,4.33919,1,-1,0
2011-07-07 04:00:01,0.0422853,0,0.780489,0,4.38723,1,-1,0
2011-07-07 05:00:01,0.0599111,0,0.787352,0,4.39047,1,-1,0
2011-07-07 06:00:01,0.06836,0,0.794084,0,4.35858,1,-1,0
2011-07-07 07:00:01,0.0785412,0,0.800699,0,4.31526,1,-1,0
2011-07-07 08:00:01,0.1369,0,0.807152,0,4.25186,1,-1,0
2011-07-07 09:00:01,0.134372,0,0.811941,0,4.14701,1,-1,0
2011-07-07 10:00:01,0.130298,0,0.815234,0,4.0186,1,-1,0
2011-07-07 11:00:01,0.0940256,0,0.81724,0,4.10283,1,-1,0
2011-07-07 12:00:01,0.0949642,0,0.817406,0,4.20962,1,-1,0
2011-07-07 13:00:01,0.0797727,0,0.816517,0,4.34581,1,-1,0
2011-07-07 14:00:01,0.0865841,0,0.815417,0,4.37203,1,-1,0
2011-07-07 15:00:01,0.082849,0,0.813864,0,4.40533,1,-1,0
2011-07-07 16:00:01,0.0643441,0,0.811631,0,4.40446,1,-1,0
2011-07-07 17:00:01,0.0631867,0,0.808157,0,4.44519,1,-1,0
2011-07-07 18:00:01,0.0588312,0,0.80341,0,4.49477,1,-1,0
2011-07-07 19:00:01,0.0553018,0,0.796939,0,4.49209,1,-1,0
2011-07-07 20:00:01,0.0636177,0,0.790202,0,4.47751,1,-1,0
2011-07-07 21:00:01,0.0696617,0,0.786785,0,4.43151,1,-1,0
2011-07-07 22:00:01,0.0672093,0,0.782767,0,4.36062,1,-1,0
2011-07-07 23:00:01,0.0647668,0,0.779481,0,4.31877,1,-1,0
2011-07-08 00:00:01,0.0529287,0,0.777705,0,4.32128,1,-1,0
2011-07-08 01:00:01,0.043,0,0.777114,0,4.34181,1,-1,0
2011-07-08 02:00:01,0.0370847,0,0.779165,0,4.3891,1,-1,0
2011-07-08 03:00:01,0.0290563,0,0.782813,0,4.43428,1,-1,0
2011-07-08 04:00:01,0.0390343,0,0.786508,0,4.46408,0,7.86585,0
2011-07-08 05:00:01,0.0547751,0,0.79228,0,4.46962,0,7.86585,0
2011-07-08 06:00:01,0.0776527,0,0.799,0,4.40943,0,7.86585,0
2011-07-08 07:00:01,0.105649,0,0.805352,0,4.3178,0,7.86585,0
2011-07-08 08:00:01,0.106729,0,0.810902,0,4.22921,0,7.86585,0
2011-07-08 09:00:01,0.130314,0,0.81473,0,4.15789,0,7.86585,0
2011-07-08 10:00:01,0.114,0,0.8168,0,4.15778,0,7.86585,0
2011-07-08 11:00:01,0.0982986,0,0.818592,0,4.16173,0,7.86585,0
2011-07-08 12:00:01,0.0896161,0,0.81879,0,4.26817,0,7.86585,0
2011-07-08 13:00:01,0.0820615,0,0.817535,0,4.35019,0,7.86585,0
2011-07-08 14:00:01,0.0775255,0,0.816113,0,4.4004,0,7.86585,0
2011-07-08 15:00:01,0.0807005,0,0.814881,0,4.42562,0,7.86585,0
2011-07-08 16:00:01,0.0630214,0,0.813699,0,4.44271,0,7.86585,0
2011-07-08 17:00:01,0.0710958,0,0.810251,0,4.45256,0,7.86585,0
2011-07-08 18:00:01,0.0692333,0,0.806149,0,4.4818,0,7.86585,0
2011-07-08 19:00:01,0.0578289,0,0.801424,0,4.45817,0,7.86585,0
2011-07-08 20:00:01,0.0509117,0,0.795731,0,4.47021,0,7.86585,0
2011-07-08 21:00:01,0.0566599,0,0.792564,0,4.48505,0,7.86585,0
2011-07-08 22:00:01,0.051888,0,0.791005,0,4.47035,0,7.86585,0
2011-07-08 23:00:01,0.0498946,0,0.788028,0,4.43968,0,7.86585,0
2011-07-09 00:00:01,0.0509137,0,0.786194,0,4.44136,0,7.86585,0
2011-07-09 01:00:01,0.0543452,0,0.787914,0,4.42941,0,7.86585,0
2011-07-09 02:00:01,0.0465874,0,0.790726,0,4.41637,0,7.86585,0
2011-07-09 03:00:01,0.0408384,0,0.795,0,4.42809,0,7.86585,0
2011-07-09 04:00:01,0.0569039,0,0.800199,0,4.46185,0,7.86585,0
2011-07-09 05:00:01,0.0655499,0,0.805803,0,4.4605,0,7.86585,0
2011-07-09 06:00:01,0.0830153,0,0.811761,0,4.40637,0,7.86585,0
2011-07-09 07:00:01,0.103199,0,0.816561,0,4.35809,0,7.86585,0
2011-07-09 08:00:01,0.137385,0,0.820232,0,4.26466,0,7.86585,0
2011-07-09 09:00:01,0.124793,0,0.820953,0,4.17948,0,7.86585,0
2011-07-09 10:00:01,0.108936,0,0.821589,0,4.14042,0,7.86585,0
2011-07-09 11:00:01,0.110889,0,0.821149,0,4.22105,0,7.86585,0
2011-07-09 12:00:01,0.102679,0,0.819657,0,4.27592,0,7.86585,0
2011-07-09 13:00:01,0.0846709,0,0.817139,0,4.30403,0,7.86585,0
2011-07-09 14:00:01,0.074123,0,0.815061,0,4.3684,0,7.86585,0
2011-07-09 15:00:01,0.068836,0,0.812456,0,4.43721,0,7.86585,0
2011-07-09 16:00:01,0.0609322,0,0.809712,0,4.47302,0,7.86585,0
2011-07-09 17:00:01,0.0511821,0,0.806171,0,4.50025,0,7.86585,0
2011-07-09 18:00:01,0.0732703,0,0.800925,0,4.50453,0,7.86585,0
2011-07-09 19:00:01,0.0747021,0,0.796633,0,4.46761,0,7.86585,0
2011-07-09 20:00:01,0.0693601,0,0.792158,0,4.37842,0,7.86585,0
2011-07-09 21:00:01,0.0697709,0,0.790072,0,4.3556,0,7.86585,0
2011-07-09 22:00:01,0.0528718,0,0.787995,0,4.36379,0,7.86585,0
2011-07-09 23:00:01,0.0605546,0,0.785923,0,4.369,0,7.86585,0
2011-07-10 00:00:01,0.0679035,0,0.785119,0,4.3845,0,7.86585,0
2011-07-10 01:00:01,0.0553818,0,0.787208,0,4.3481,0,7.86585,0
2011-07-10 02:00:01,0.0410645,0,0.790365,0,4.35968,0,7.86585,0
2011-07-10 03:00:01,0.03905,0,0.794782,0,4.43281,0,7.86585,0
2011-07-10 04:00:01,0.0452135,0,0.799923,0,4.49063,0,7.86585,0
2011-07-10 05:00:01,0.0568603,0,0.805711,0,4.49615,0,7.86585,0
2011-07-10 06:00:01,0.0712981,0,0.811403,0,4.46925,0,7.86585,0
2011-07-10 07:00:01,0.088981,0,0.816496,0,4.42044,0,7.86585,0
2011-07-10 08:00:01,0.149263,0,0.820679,0,4.31532,0,7.86585,0
2011-07-10 09:00:01,0.12248,0,0.820876,0,4.19993,0,7.86585,0
2011-07-10 10:00:01,0.116993,0,0.820535,0,4.10198,0,7.86585,0
2011-07-10 11:00:01,0.11152,0,0.819855,0,4.21138,0,7.86585,0
2011-07-10 12:00:01,0.100424,0,0.817956,0,4.24911,0,7.86585,0
2011-07-10 13:00:01,0.0807338,0,0.815922,0,4.30313,0,7.86585,0
2011-07-10 14:00:01,0.0885484,0,0.814141,0,4.36011,0,7.86585,0
2011-07-10 15:00:01,0.0845521,0,0.812214,0,4.396,0,7.86585,0
2011-07-10 16:00:01,0.0803119,0,0.810519,0,4.3732,0,7.86585,0
2011-07-10 17:00:01,0.0752053,0,0.808195,0,4.38788,0,7.86585,0
2011-07-10 18:00:01,0.0604114,0,0.804248,0,4.41412,0,7.86585,0
2011-07-10 19:00:01,0.0611792,0,0.798886,0,4.44458,0,7.86585,0
2011-07-10 20:00:01,0.058162,0,0.794431,0,4.47021,0,7.86585,0
2011-07-10 21:00:01,0.0557387,0,0.79016,0,4.44935,0,7.86585,0
2011-07-10 22:00:01,0.0557292,0,0.787369,0,4.43399,0,7.86585,0
2011-07-10 23:00:01,0.0554872,0,0.78484,0,4.41682,0,7.86585,0
2011-07-11 00:00:01,0.0435956,0,0.783622,0,4.4083,0,7.86585,0
2011-07-11 01:00:01,0.0410141,0,0.784172,0,4.42074,0,7.86585,0
2011-07-11 02:00:01,0.0390709,0,0.786756,0,4.45405,0,7.86585,0
2011-07-11 03:00:01,0.0484085,0,0.79078,0,4.45637,0,7.86585,0
2011-07-11 04:00:01,0.0548306,0,0.797068,1,4.44795,0,7.86585,0
2011-07-11 05:00:01,0.0798847,0,0.804136,1,4.40413,0,7.86585,0
2011-07-11 06:00:01,0.0904545,0,0.810848,1,4.3559,0,7.86585,0
2011-07-11 07:00:01,0.109912,0,0.816543,1,4.27985,0,7.86585,0
2011-07-11 08:00:01,0.149531,0,0.820716,1,4.20993,0,7.86585,0
2011-07-11 09:00:01,0.128967,0,0.821333,1,4.12858,0,7.86585,0
2011-07-11 10:00:01,0.120981,0,0.821481,1,4.08488,0,7.86585,0
2011-07-11 11:00:01,0.106426,0,0.820943,1,4.19101,0,7.86585,0
2011-07-11 12:00:01,0.0980688,0,0.819785,1,4.25404,0,7.86585,0
2011-07-11 13:00:01,0.0895956,0,0.817772,1,4.3211,0,7.86585,0
2011-07-11 14:00:01,0.0831073,0,0.815521,1,4.36367,0,7.86585,0
2011-07-11 15:00:01,0.076153,0,0.812898,1,4.39927,0,7.86585,0
2011-07-11 16:00:01,0.0695592,0,0.809916,1,4.42607,0,7.86585,0
2011-07-11 17:00:01,0.080069,0,0.805851,1,4.43463,0,7.86585,0
2011-07-11 18:00:01,0.0713067,0,0.801585,1,4.42426,0,7.86585,0
2011-07-11 19:00:01,0.0689016,0,0.796357,1,4.39131,0,7.86585,0
2011-07-11 20:00:01,0.0657076,0,0.791575,1,4.39965,0,7.86585,0
2011-07-11 21:00:01,0.0488833,0,0.788275,1,4.40204,0,7.86585,0
2011-07-11 22:00:01,0.0446335,0,0.784344,1,4.42097,0,7.86585,0
2011-07-11 23:00:01,0.0437058,0,0.781029,1,4.456,0,7.86585,0
2011-07-12 00:00:01,0.0405548,0,0.779312,1,4.45268,0,7.86585,0
2011-07-12 01:00:01,0.0395984,0,0.780464,1,4.44258,0,7.86585,0
2011-07-12 02:00:01,0.0376497,0,0.784201,1,4.44366,0,7.86585,0
2011-07-12 03:00:01,0.0273856,0,0.788644,1,4.46159,0,7.86585,0
2011-07-12 04:00:01,0.0399749,0,0.793432,1,4.49074,0,7.86585,0
2011-07-12 05:00:01,0.0512578,0,0.800032,1,4.50996,0,7.86585,0
2011-07-12 06:00:01,0.0768638,0,0.806389,1,4.45352,0,7.86585,0
2011-07-12 07:00:01,0.084454,0,0.812215,1,4.39479,0,7.86585,0
2011-07-12 08:00:01,0.134916,0,0.816795,1,4.29067,0,7.86585,0
2011-07-12 09:00:01,0.130772,0,0.818602,1,4.20642,0,7.86585,0
2011-07-12 10:00:01,0.122636,0,0.819765,1,4.09991,0,7.86585,0
2011-07-12 11:00:01,0.116319,0,0.820131,1,4.15344,0,7.86585,0
2011-07-12 12:00:01,0.113075,0,0.819079,1,4.20184,0,7.86585,0
2011-07-12 13:00:01,0.0957581,0,0.816755,1,4.24777,0,7.86585,0
2011-07-12 14:00:01,0.0948387,0,0.814789,1,4.28973,0,7.86585,0
2011-07-12 15:00:01,0.0883891,0,0.812085,1,4.34019,0,7.86585,0
2011-07-12 16:00:01,0.0805347,0,0.808936,1,4.3501,0,7.86585,0
2011-07-12 17:00:01,0.0838054,0,0.804817,1,4.36743,0,7.86585,0
2011-07-12 18:00:01,0.0699472,0,0.799565,1,4.37978,0,7.86585,0
2011-07-12 19:00:01,0.0719724,0,0.793405,1,4.37273,0,7.86585,0
2011-07-12 20:00:01,0.0716866,0,0.787143,1,4.38151,0,7.86585,0
2011-07-12 21:00:01,0.0751682,0,0.783723,1,4.33819,0,7.86585,0
2011-07-12 22:00:01,0.070183,0,0.779867,1,4.30264,0,7.86585,0
2011-07-12 23:00:01,0.0624853,0,0.777323,1,4.28039,0,7.86585,0
2011-07-13 00:00:01,0.0591022,0,0.775602,1,4.2936,0,7.86585,0
2011-07-13 01:00:01,0.056449,0,0.776626,1,4.30774,0,7.86585,0
2011-07-13 02:00:01,0.0495854,0,0.780097,1,4.32001,0,7.86585,0
2011-07-13 03:00:01,0.0428014,0,0.784589,1,4.34884,0,7.86585,0
2011-07-13 04:00:01,0.06172,0,0.790116,1,4.37858,0,7.86585,0
2011-07-13 05:00:01,0.0787395,0,0.797667,1,4.369,0,7.86585,0
2011-07-13 06:00:01,0.104476,0,0.804851,1,4.28455,0,7.86585,0
2011-07-13 07:00:01,0.137399,0,0.81138,1,4.18796,0,7.86585,0
2011-07-13 08:00:01,0.173003,0,0.81529,1,4.05285,0,7.86585,0
2011-07-13 09:00:01,0.160667,0,0.815333,1,3.93373,0,7.86585,0
2011-07-13 10:00:01,0.140448,0,0.815275,1,3.89926,0,7.86585,0
2011-07-13 11:00:01,0.145413,0,0.814729,1,3.9835,0,7.86585,0
2011-07-13 12:00:01,0.105281,0,0.81292,1,4.07383,0,7.86585,0
2011-07-13 13:00:01,0.10971,0,0.811233,1,4.13169,0,7.86585,0
2011-07-13 14:00:01,0.119234,0,0.809919,1,4.22676,0,7.86585,0
2011-07-13 15:00:01,0.109707,0,0.807545,1,4.19384,0,7.86585,0
2011-07-13 16:00:01,0.1125,0,0.804505,1,4.17147,0,7.86585,0
2011-07-13 17:00:01,0.0806234,0,0.800791,1,4.21461,0,7.86585,0
2011-07-13 18:00:01,0.0751757,0,0.794718,1,4.25851,0,7.86585,0
2011-07-13 19:00:01,0.0643361,0,0.788513,1,4.35326,0,7.86585,0
2011-07-13 20:00:01,0.0632748,0,0.781667,1,4.36285,0,7.86585,0
2011-07-13 21:00:01,0.0527572,0,0.776677,1,4.37053,0,7.86585,0
2011-07-13 22:00:01,0.0587526,0,0.771259,1,4.35146,0,7.86585,0
2011-07-13 23:00:01,0.0675053,0,0.767544,1,4.32633,0,7.86585,0
2011-07-14 00:00:01,0.0630648,0,0.766492,1,4.26576,0,7.86585,0
2011-07-14 01:00:01,0.0542713,0,0.767558,1,4.23244,0,7.86585,0
2011-07-14 02:00:01,0.0454438,0,0.77079,1,4.25999,0,7.86585,0
2011-07-14 03:00:01,0.0427844,0,0.775216,1,4.3089,0,7.86585,0
2011-07-14 04:00:01,0.0754888,0,0.781286,1,4.32208,0,7.86585,0
2011-07-14 05:00:01,0.12163,0,0.789553,1,4.24313,0,7.86585,0
2011-07-14 06:00:01,0.104147,0,0.797312,1,4.1039,0,7.86585,0
2011-07-14 07:00:01,0.116853,0,0.803915,1,4.03024,0,7.86585,0
2011-07-14 08:00:01,0.163841,0,0.809165,1,4.05721,0,7.86585,0
2011-07-14 09:00:01,0.134169,0,0.811021,1,3.99652,0,7.86585,0
2011-07-14 10:00:01,0.119639,0,0.813594,1,3.96159,0,7.86585,0
2011-07-14 11:00:01,0.105258,0,0.815092,1,4.11609,0,7.86585,0
2011-07-14 12:00:01,0.1394,0,0.814994,1,4.16651,0,7.86585,0
2011-07-14 13:00:01,0.1729,0,0.814291,1,4.11849,0,7.86585,0
2011-07-14 14:00:01,0.143414,0,0.811986,1,3.98214,0,7.86585,0
2011-07-14 15:00:01,0.113113,0,0.809421,1,3.96691,0,7.86585,0
2011-07-14 16:00:01,0.102432,0,0.806846,1,4.11737,0,7.86585,0
2011-07-14 17:00:01,0.0945905,0,0.803159,1,4.22285,0,7.86585,0
2011-07-14 18:00:01,0.0876892,0,0.798484,1,4.26095,0,7.86585,0
2011-07-14 19:00:01,0.0769918,0,0.793162,1,4.2892,0,7.86585,0
2011-07-14 20:00:01,0.0660642,0,0.787148,1,4.31649,0,7.86585,0
2011-07-14 21:00:01,0.0686516,0,0.782072,1,4.33717,0,7.86585,0
2011-07-14 22:00:01,0.0630868,0,0.778594,1,4.33727,0,7.86585,0
2011-07-14 23:00:01,0.0668716,0,0.775545,1,4.30518,0,7.86585,0
2011-07-15 00:00:01,0.066568,0,0.77424,1,4.28938,0,7.86585,0
2011-07-15 01:00:01,0.0642972,0,0.776112,1,4.26307,0,7.86585,0
2011-07-15 02:00:01,0.0545993,0,0.780307,1,4.26833,0,7.86585,0
2011-07-15 03:00:01,0.0488021,0,0.784649,1,4.30436,0,7.86585,0
2011-07-15 04:00:01,0.0657415,0,0.78954,1,4.34646,0,7.86585,0
2011-07-15 05:00:01,0.083135,0,0.795985,1,4.33873,0,7.86585,0
2011-07-15 06:00:01,0.0972619,0,0.802539,1,4.26826,0,7.86585,0
2011-07-15 07:00:01,0.128294,0,0.809265,1,4.1909,0,7.86585,0
2011-07-15 08:00:01,0.142421,0,0.81518,1,4.1115,0,7.86585,0
2011-07-15 09:00:01,0.143631,0,0.819375,1,4.02797,0,7.86585,0
2011-07-15 10:00:01,0.107874,0,0.82231,1,4.05513,0,7.86585,0
2011-07-15 11:00:01,0.128459,0,0.823723,1,4.1315,0,7.86585,0
2011-07-15 12:00:01,0.153945,0,0.823842,1,4.19198,0,7.86585,0
2011-07-15 13:00:01,0.121012,0,0.822322,1,4.12394,0,7.86585,0
2011-07-15 14:00:01,0.122206,0,0.820001,1,4.11511,0,7.86585,0
2011-07-15 15:00:01,0.119244,0,0.817113,1,4.20948,0,7.86585,0
2011-07-15 16:00:01,0.125719,0,0.813647,1,4.19325,0,7.86585,0
2011-07-15 17:00:01,0.105527,0,0.809583,1,4.19318,0,7.86585,0
2011-07-15 18:00:01,0.107926,0,0.804174,1,4.19208,0,7.86585,0
2011-07-15 19:00:01,0.101285,0,0.798186,1,4.23056,0,7.86585,0
2011-07-15 20:00:01,0.0782248,0,0.793381,1,4.23071,0,7.86585,0
2011-07-15 21:00:01,0.0794423,0,0.789395,1,4.26253,0,7.86585,0
2011-07-15 22:00:01,0.0666718,0,0.786009,1,4.31048,0,7.86585,0
2011-07-15 23:00:01,0.0679685,0,0.782098,1,4.3053,0,7.86585,0
2011-07-16 00:00:01,0.0628317,0,0.780671,1,4.32352,0,7.86585,0
2011-07-16 01:00:01,0.057628,0,0.781279,1,4.3157,0,7.86585,0
2011-07-16 02:00:01,0.0515857,0,0.783639,1,4.33358,0,7.86585,0
2011-07-16 03:00:01,0.0459336,0,0.786497,1,4.36622,0,7.86585,0
2011-07-16 04:00:01,0.0593971,0,0.78981,1,4.39159,0,7.86585,0
2011-07-16 05:00:01,0.0690847,0,0.795067,1,4.38804,0,7.86585,0
2011-07-16 06:00:01,0.0845134,0,0.800908,1,4.3333,0,7.86585,0
2011-07-16 07:00:01,0.128931,0,0.807532,1,4.25526,0,7.86585,0
2011-07-16 08:00:01,0.133378,0,0.813948,1,4.14977,0,7.86585,0
2011-07-16 09:00:01,0.133667,0,0.819207,1,4.04452,0,7.86585,0
2011-07-16 10:00:01,0.110244,0,0.823798,1,4.09199,0,7.86585,0
2011-07-16 11:00:01,0.124468,0,0.826595,1,4.1581,0,7.86585,0
2011-07-16 12:00:01,0.129587,0,0.827834,1,4.22256,0,7.86585,0
2011-07-16 13:00:01,0.116791,0,0.827539,1,4.20305,0,7.86585,0
2011-07-16 14:00:01,0.131854,0,0.826819,1,4.20879,0,7.86585,0
2011-07-16 15:00:01,0.123548,0,0.825974,1,4.22777,0,7.86585,0
2011-07-16 16:00:01,0.106281,0,0.823621,1,4.21329,0,7.86585,0
2011-07-16 17:00:01,0.0875408,0,0.819175,1,4.28528,0,7.86585,0
2011-07-16 18:00:01,0.0848959,0,0.813728,1,4.36552,0,7.86585,0
2011-07-16 19:00:01,0.0850236,0,0.808232,1,4.4055,0,7.86585,0
2011-07-16 20:00:01,0.0888183,0,0.803023,1,4.37966,0,7.86585,0
2011-07-16 21:00:01,0.0806446,0,0.799116,1,4.34732,0,7.86585,0
2011-07-16 22:00:01,0.0916818,0,0.794239,1,4.31043,0,7.86585,0
2011-07-16 23:00:01,0.0951011,0,0.790554,1,4.28114,0,7.86585,0
2011-07-17 00:00:01,0.0823131,0,0.788845,1,4.22882,0,7.86585,0
2011-07-17 01:00:01,0.0839484,0,0.788986,1,4.21879,0,7.86585,0
2011-07-17 02:00:01,0.071405,0,0.792236,1,4.2521,0,7.86585,0
2011-07-17 03:00:01,0.0668454,0,0.795596,1,4.27524,0,7.86585,0
2011-07-17 04:00:01,0.0898321,0,0.799218,1,4.30929,0,7.86585,0
2011-07-17 05:00:01,0.0864338,0,0.804398,1,4.30048,0,7.86585,0
2011-07-17 06:00:01,0.0963192,0,0.809503,1,4.25094,0,7.86585,0
2011-07-17 07:00:01,0.133951,0,0.814495,1,4.23006,0,7.86585,0
2011-07-17 08:00:01,0.129698,0,0.81944,1,4.16014,0,7.86585,0
2011-07-17 09:00:01,0.113882,0,0.823631,1,4.10181,0,7.86585,0
2011-07-17 10:00:01,0.103264,0,0.826954,1,4.18587,0,7.86585,0
2011-07-17 11:00:01,0.123671,0,0.829007,1,4.26069,0,7.86585,0
2011-07-17 12:00:01,0.118403,0,0.829983,1,4.27827,0,7.86585,0
2011-07-17 13:00:01,0.120855,0,0.830463,1,4.24018,0,7.86585,0
2011-07-17 14:00:01,0.128104,0,0.829872,1,4.25242,0,7.86585,0
2011-07-17 15:00:01,0.123615,0,0.828947,1,4.23836,0,7.86585,0
2011-07-17 16:00:01,0.103994,0,0.827426,1,4.24454,0,7.86585,0
2011-07-17 17:00:01,0.0921825,0,0.824464,1,4.30392,0,7.86585,0
2011-07-17 18:00:01,0.0784539,0,0.820783,1,4.39135,0,7.86585,0
2011-07-17 19:00:01,0.0691608,0,0.816255,1,4.44937,0,7.86585,0
2011-07-17 20:00:01,0.0860685,0,0.811913,1,4.47146,0,7.86585,0
2011-07-17 21:00:01,0.0812937,0,0.808551,1,4.44586,0,7.86585,0
2011-07-17 22:00:01,0.0766594,0,0.805572,1,4.38369,0,7.86585,0
2011-07-17 23:00:01,0.0688846,0,0.802523,0,4.39233,0,7.86585,0
2011-07-18 00:00:01,0.0831017,0,0.800386,0,4.38847,0,7.86585,0
2011-07-18 01:00:01,0.0562209,0,0.801599,0,4.39307,0,7.86585,0
2011-07-18 02:00:01,0.0542359,0,0.801731,0,4.39396,0,7.86585,0
2011-07-18 03:00:01,0.0529632,0,0.803279,0,4.47599,0,7.86585,0
2011-07-18 04:00:01,0.0573677,0,0.805577,0,4.48554,0,7.86585,0
2011-07-18 05:00:01,0.0808138,0,0.809082,0,4.46289,0,7.86585,0
2011-07-18 06:00:01,0.0828771,0,0.813458,0,4.41346,0,7.86585,0
2011-07-18 07:00:01,0.0984824,0,0.817559,0,4.34167,0,7.86585,0
2011-07-18 08:00:01,0.133707,0,0.822311,0,4.29242,0,7.86585,0
2011-07-18 09:00:01,0.125449,0,0.826111,0,4.20949,0,7.86585,0
2011-07-18 10:00:01,0.112797,0,0.829057,0,4.1586,0,7.86585,0
2011-07-18 11:00:01,0.133261,0,0.831183,0,4.21301,0,7.86585,0
2011-07-18 12:00:01,0.114242,0,0.831255,0,4.24848,0,7.86585,0
2011-07-18 13:00:01,0.109732,0,0.831146,0,4.24279,0,7.86585,0
2011-07-18 14:00:01,0.110627,0,0.830585,0,4.31439,0,7.86585,0
2011-07-18 15:00:01,0.132359,0,0.829028,0,4.30383,0,7.86585,0
2011-07-18 16:00:01,0.108308,0,0.827624,0,4.27873,0,7.86585,0
2011-07-18 17:00:01,0.112767,0,0.825702,0,4.25097,0,7.86585,0
2011-07-18 18:00:01,0.0867071,0,0.822948,0,4.33087,0,7.86585,0
2011-07-18 19:00:01,0.0666477,0,0.819116,0,4.37886,0,7.86585,0
2011-07-18 20:00:01,0.0610063,0,0.815005,0,4.48769,0,7.86585,0
2011-07-18 21:00:01,0.0633565,0,0.810692,0,4.53677,0,7.86585,0
2011-07-18 22:00:01,0.0577608,0,0.807086,0,4.53056,0,7.86585,0
2011-07-18 23:00:01,0.0592826,0,0.80366,0,4.50861,0,7.86585,0
2011-07-19 00:00:01,0.0586066,0,0.801632,0,4.49945,0,7.86585,0
2011-07-19 01:00:01,0.0602439,0,0.801704,0,4.47491,0,7.86585,0
2011-07-19 02:00:01,0.0581115,0,0.802867,0,4.46153,0,7.86585,0
2011-07-19 03:00:01,0.0536248,0,0.805247,0,4.46059,0,7.86585,0
2011-07-19 04:00:01,0.0759214,0,0.808401,0,4.45859,0,7.86585,0
2011-07-19 05:00:01,0.0956814,0,0.812991,0,4.4191,0,7.86585,0
2011-07-19 06:00:01,0.145669,0,0.81764,0,4.28074,0,7.86585,0
2011-07-19 07:00:01,0.0781401,0,0.821685,0,4.2123,0,7.86585,0
2011-07-19 08:00:01,0.126856,0,0.825256,0,4.17579,0,7.86585,0
2011-07-19 09:00:01,0.135876,0,0.828606,0,4.29754,0,7.86585,0
2011-07-19 10:00:01,0.123629,0,0.830721,0,4.16822,0,7.86585,0
2011-07-19 11:00:01,0.11278,0,0.832434,0,4.19603,0,7.86585,0
2011-07-19 12:00:01,0.108265,0,0.832809,0,4.27498,0,7.86585,0
2011-07-19 13:00:01,0.101018,0,0.831486,0,4.33395,0,7.86585,0
2011-07-19 14:00:01,0.119724,0,0.830203,0,4.34785,0,7.86585,0
2011-07-19 15:00:01,0.105198,0,0.827703,0,4.3439,0,7.86585,0
2011-07-19 16:00:01,0.104039,0,0.823848,0,4.30896,0,7.86585,0
2011-07-19 17:00:01,0.087628,0,0.820012,0,4.35856,0,7.86585,0
2011-07-19 18:00:01,0.0786526,0,0.815914,0,4.38479,0,7.86585,0
2011-07-19 19:00:01,0.0785494,0,0.810827,0,4.42874,0,7.86585,0
2011-07-19 20:00:01,0.072088,0,0.80635,0,4.43755,0,7.86585,0
2011-07-19 21:00:01,0.0690721,0,0.80198,0,4.42685,0,7.86585,0
2011-07-19 22:00:01,0.0646454,0,0.798308,0,4.42811,0,7.86585,0
2011-07-19 23:00:01,0.0581058,0,0.795744,0,4.42671,0,7.86585,0
2011-07-20 00:00:01,0.0471131,0,0.793861,0,4.44104,0,7.86585,0
2011-07-20 01:00:01,0.0470864,0,0.792939,0,4.46464,0,7.86585,0
2011-07-20 02:00:01,0.0441112,0,0.7947,0,4.48827,0,7.86585,0
2011-07-20 03:00:01,0.0398035,0,0.797266,0,4.49288,0,7.86585,0
2011-07-20 04:00:01,0.0531553,0,0.800344,0,4.50039,0,7.86585,0
2011-07-20 05:00:01,0.0831355,0,0.805147,0,4.47012,0,7.86585,0
2011-07-20 06:00:01,0.0858264,0,0.810449,0,4.38607,0,7.86585,0
2011-07-20 07:00:01,0.11486,0,0.815683,0,4.28585,0,7.86585,0
2011-07-20 08:00:01,0.140924,0,0.820539,0,4.2239,0,7.86585,0
2011-07-20 09:00:01,0.145906,0,0.823934,0,4.11092,0,7.86585,0
2011-07-20 10:00:01,0.119805,0,0.82583,0,4.07767,0,7.86585,0
2011-07-20 11:00:01,0.105261,0,0.827519,0,4.15273,0,7.86585,0
2011-07-20 12:00:01,0.114985,0,0.828074,0,4.26606,0,7.86585,0
2011-07-20 13:00:01,0.121788,0,0.827292,0,4.29306,0,7.86585,0
2011-07-20 14:00:01,0.123,0,0.825959,0,4.25446,0,7.86585,0
2011-07-20 15:00:01,0.101587,0,0.823785,0,4.25181,0,7.86585,0
2011-07-20 16:00:01,0.105029,0,0.820352,0,4.28038,0,7.86585,0
2011-07-20 17:00:01,0.0886813,0,0.816782,0,4.3423,0,7.86585,0
2011-07-20 18:00:01,0.076381,0,0.811889,0,4.36001,0,7.86585,0
2011-07-20 19:00:01,0.0720992,0,0.806126,0,4.4156,0,7.86585,0
2011-07-20 20:00:01,0.0846785,0,0.799756,0,4.42223,0,7.86585,0
2011-07-20 21:00:01,0.0863692,0,0.795412,0,4.37565,0,7.86585,0
2011-07-20 22:00:01,0.0858272,0,0.792376,0,4.3007,0,7.86585,0
2011-07-20 23:00:01,0.0881661,0,0.7899,0,4.26354,0,7.86585,0
2011-07-21 00:00:01,0.072551,0,0.789658,0,4.25452,0,7.86585,0
2011-07-21 01:00:01,0.0504151,0,0.789668,0,4.28657,0,7.86585,0
2011-07-21 02:00:01,0.0539956,0,0.791278,0,4.36621,0,7.86585,0
2011-07-21 03:00:01,0.0498294,0,0.794244,0,4.43052,0,7.86585,0
2011-07-21 04:00:01,0.0638204,0,0.798459,0,4.42034,0,7.86585,0
2011-07-21 06:00:01,0.0896588,0,0.803781,0,4.39399,0,7.86585,0
2011-07-21 07:00:01,0.0983348,0,0.809972,0,4.31431,0,7.86585,0
2011-07-21 08:00:01,0.156195,0,0.815156,0,4.19107,0,7.86585,0
2011-07-21 09:00:01,0.113283,0,0.819435,0,4.12577,0,7.86585,0
2011-07-21 10:00:01,0.121479,0,0.822355,0,4.06303,0,7.86585,0
2011-07-21 11:00:01,0.117583,0,0.825079,0,4.2063,0,7.86585,0
2011-07-21 12:00:01,0.125575,0,0.826319,0,4.20292,0,7.86585,0
2011-07-21 13:00:01,0.125865,0,0.826832,0,4.21378,0,7.86585,0
2011-07-21 14:00:01,0.129348,0,0.826383,0,4.1969,0,7.86585,0
2011-07-21 15:00:01,0.122638,0,0.824245,0,4.20007,0,7.86585,0
2011-07-21 16:00:01,0.102814,0,0.822343,0,4.22137,0,7.86585,0
2011-07-21 17:00:01,0.08875,0,0.820111,0,4.28769,0,7.86585,0
2011-07-21 18:00:01,0.0884565,0,0.8164,0,4.36313,0,7.86585,0
2011-07-21 19:00:01,0.0861376,0,0.81132,0,4.39435,0,7.86585,0
2011-07-21 20:00:01,0.0786027,0,0.807525,0,4.3882,0,7.86585,0
2011-07-21 21:00:01,0.0796965,0,0.802926,0,4.38405,0,7.86585,0
2011-07-21 22:00:01,0.0731963,0,0.798222,0,4.38354,0,7.86585,0
2011-07-21 23:00:01,0.0628108,0,0.794185,0,4.37836,0,7.86585,0
2011-07-22 00:00:01,0.057536,0,0.790641,0,4.39666,0,7.86585,0
2011-07-22 01:00:01,0.0501961,0,0.788222,0,4.41998,0,7.86585,0
2011-07-22 02:00:01,0.0441026,0,0.787609,0,4.43496,0,7.86585,0
2011-07-22 03:00:01,0.0395596,0,0.788713,0,4.45762,0,7.86585,0
2011-07-22 04:00:01,0.0612002,0,0.79157,0,4.45597,0,7.86585,0
2011-07-22 05:00:01,0.0658501,0,0.796331,0,4.42489,0,7.86585,0
2011-07-22 06:00:01,0.0704762,0,0.801543,0,4.35983,0,7.86585,0
2011-07-22 07:00:01,0.0902773,0,0.807187,0,4.34013,0,7.86585,0
2011-07-22 08:00:01,0.123727,0,0.81277,0,4.28355,0,7.86585,0
2011-07-22 09:00:01,0.125622,0,0.817677,0,4.18786,0,7.86585,0
2011-07-22 10:00:01,0.122831,0,0.821685,0,4.11952,0,7.86585,0
2011-07-22 11:00:01,0.10142,0,0.824803,0,4.1714,0,7.86585,0
2011-07-22 12:00:01,0.114629,0,0.826548,0,4.23524,0,7.86585,0
2011-07-22 13:00:01,0.125455,0,0.826954,0,4.28224,0,7.86585,0
2011-07-22 14:00:01,0.125721,0,0.826988,0,4.23394,0,7.86585,0
2011-07-22 15:00:01,0.117919,0,0.826295,0,4.21481,0,7.86585,0
2011-07-22 16:00:01,0.108774,0,0.825113,0,4.23936,0,7.86585,0
2011-07-22 17:00:01,0.0938828,0,0.823406,0,4.29348,0,7.86585,0
2011-07-22 18:00:01,0.0868649,0,0.820144,0,4.35156,0,7.86585,0
2011-07-22 19:00:01,0.0619216,0,0.815488,0,4.425,0,7.86585,0
2011-07-22 20:00:01,0.0658013,0,0.809579,0,4.47576,0,7.86585,0
2011-07-22 21:00:01,0.0715577,0,0.804552,0,4.51206,0,7.86585,0
2011-07-22 22:00:01,0.0710602,0,0.800265,0,4.4586,0,7.86585,0
2011-07-22 23:00:01,0.0672566,0,0.796963,0,4.41406,0,7.86585,0
2011-07-23 00:00:01,0.0576547,0,0.794002,0,4.4058,0,7.86585,0
2011-07-23 01:00:01,0.0647784,0,0.792042,0,4.40687,0,7.86585,0
2011-07-23 02:00:01,0.0429639,0,0.793083,0,4.42545,0,7.86585,0
2011-07-23 03:00:01,0.0369493,0,0.793986,0,4.44196,0,7.86585,0
2011-07-23 04:00:01,0.0667548,0,0.796249,0,4.48673,0,7.86585,0
2011-07-23 05:00:01,0.0781134,0,0.801054,0,4.441,0,7.86585,0
2011-07-23 06:00:01,0.0569483,0,0.806698,0,4.36207,0,7.86585,0
2011-07-23 07:00:01,0.0875995,0,0.811471,0,4.36172,0,7.86585,0
2011-07-23 08:00:01,0.128207,0,0.816855,0,4.35378,0,7.86585,0
2011-07-23 09:00:01,0.12309,0,0.821607,0,4.21759,0,7.86585,0
2011-07-23 10:00:01,0.110472,0,0.825994,0,4.14846,0,7.86585,0
2011-07-23 11:00:01,0.118647,0,0.828521,0,4.21091,0,7.86585,0
2011-07-23 12:00:01,0.124588,0,0.829715,0,4.25203,0,7.86585,0
2011-07-23 13:00:01,0.117697,0,0.829391,0,4.24193,0,7.86585,0
2011-07-23 14:00:01,0.125596,0,0.82857,0,4.23963,0,7.86585,0
2011-07-23 15:00:01,0.112483,0,0.826778,0,4.25973,0,7.86585,0
2011-07-23 16:00:01,0.083969,0,0.824319,0,4.28637,0,7.86585,0
2011-07-23 17:00:01,0.0694922,0,0.821274,0,4.38871,0,7.86585,0
2011-07-23 18:00:01,0.0620278,0,0.81637,0,4.49733,0,7.86585,0
2011-07-23 19:00:01,0.0605489,0,0.810402,0,4.53879,0,7.86585,0
2011-07-23 20:00:01,0.0551867,0,0.804151,0,4.5446,0,7.86585,0
2011-07-23 21:00:01,0.0505964,0,0.800126,0,4.53145,0,7.86585,0
2011-07-23 22:00:01,0.0578483,0,0.794696,0,4.51503,0,7.86585,0
2011-07-23 23:00:01,0.0493202,0,0.790033,0,4.4906,0,7.86585,0
2011-07-24 00:00:01,0.051738,0,0.786202,0,4.45588,0,7.86585,0
2011-07-24 01:00:01,0.0433963,0,0.785202,0,4.45552,0,7.86585,0
2011-07-24 02:00:01,0.0352477,0,0.785398,0,4.45045,0,7.86585,0
2011-07-24 03:00:01,0.0292563,0,0.786868,0,4.48447,0,7.86585,0
2011-07-24 04:00:01,0.0570789,0,0.789881,0,4.49194,0,7.86585,0
2011-07-24 05:00:01,0.0647459,0,0.795315,0,4.45314,0,7.86585,0
2011-07-24 06:00:01,0.0498529,0,0.801569,0,4.3851,0,7.86585,0
2011-07-24 07:00:01,0.0787314,0,0.807249,0,4.38917,0,7.86585,0
2011-07-24 08:00:01,0.106375,0,0.813717,0,4.38294,0,7.86585,0
2011-07-24 09:00:01,0.10786,0,0.819126,0,4.27612,0,7.86585,0
2011-07-24 10:00:01,0.111375,0,0.823848,0,4.22208,0,7.86585,0
2011-07-24 11:00:01,0.108213,0,0.827044,0,4.24871,0,7.86585,0
2011-07-24 12:00:01,0.104781,0,0.828175,0,4.27678,0,7.86585,0
2011-07-24 13:00:01,0.102242,0,0.827624,0,4.31736,0,7.86585,0
2011-07-24 14:00:01,0.136987,0,0.826267,0,4.30929,0,7.86585,0
2011-07-24 15:00:01,0.107729,0,0.823714,0,4.27761,0,7.86585,0
2011-07-24 16:00:01,0.0817498,0,0.821232,0,4.25095,0,7.86585,0
2011-07-24 17:00:01,0.0739984,0,0.817165,0,4.38678,0,7.86585,0
2011-07-24 18:00:01,0.070339,0,0.811867,0,4.46718,0,7.86585,0
2011-07-24 19:00:01,0.0576832,0,0.806178,0,4.48954,0,7.86585,0
2011-07-24 20:00:01,0.0548765,0,0.799921,0,4.50015,0,7.86585,0
2011-07-24 21:00:01,0.0514774,0,0.794179,0,4.5136,0,7.86585,0
2011-07-24 22:00:01,0.0539698,0,0.789245,0,4.491,0,7.86585,0
2011-07-24 23:00:01,0.0497205,0,0.785131,0,4.46527,0,7.86585,0
2011-07-25 00:00:01,0.0473874,0,0.781109,0,4.43742,0,7.86585,0
2011-07-25 01:00:01,0.0363286,0,0.779507,0,4.43884,0,7.86585,0
2011-07-25 02:00:01,0.0298359,0,0.779656,0,4.45246,0,7.86585,0
2011-07-25 03:00:01,0.026843,0,0.781452,0,4.4865,0,7.86585,0
2011-07-25 04:00:01,0.0470332,0,0.78446,0,4.48906,0,7.86585,0
2011-07-25 05:00:01,0.0762165,0,0.790339,0,4.43552,0,7.86585,0
2011-07-25 06:00:01,0.06735,0,0.797935,0,4.34273,0,7.86585,0
2011-07-25 07:00:01,0.0817728,0,0.805551,0,4.28687,0,7.86585,0
2011-07-25 08:00:01,0.135342,0,0.812857,0,4.2715,0,7.86585,0
2011-07-25 09:00:01,0.103471,0,0.817467,0,4.19829,0,7.86585,0
2011-07-25 10:00:01,0.104528,0,0.821741,0,4.14234,0,7.86585,0
2011-07-25 11:00:01,0.11083,0,0.824832,0,4.26495,0,7.86585,0
2011-07-25 12:00:01,0.114667,0,0.824978,0,4.2708,0,7.86585,0
2011-07-25 13:00:01,0.115459,0,0.823916,0,4.26258,0,7.86585,0
2011-07-25 14:00:01,0.119266,0,0.821732,0,4.25418,0,7.86585,0
2011-07-25 15:00:01,0.122647,0,0.818535,0,4.23694,0,7.86585,0
2011-07-25 16:00:01,0.106795,0,0.815399,0,4.22386,0,7.86585,0
2011-07-25 17:00:01,0.0827593,0,0.810645,0,4.25337,0,7.86585,0
2011-07-25 18:00:01,0.0724266,0,0.804548,0,4.33872,0,7.86585,0
2011-07-25 19:00:01,0.0713252,0,0.797862,0,4.40758,0,7.86585,0
2011-07-25 20:00:01,0.0639625,0,0.790825,0,4.415,0,7.86585,0
2011-07-25 21:00:01,0.068665,0,0.784943,0,4.38962,0,7.86585,0
2011-07-25 22:00:01,0.0754482,0,0.780062,0,4.35551,0,7.86585,0
2011-07-25 23:00:01,0.0718976,0,0.775688,0,4.29363,0,7.86585,0
2011-07-26 00:00:01,0.0666692,0,0.772727,0,4.25383,0,7.86585,0
2011-07-26 01:00:01,0.0498382,0,0.772796,0,4.26542,0,7.86585,0
2011-07-26 02:00:01,0.0471448,0,0.773628,0,4.29849,0,7.86585,0
2011-07-26 03:00:01,0.0418933,0,0.776138,0,4.3517,0,7.86585,0
2011-07-26 04:00:01,0.0506091,0,0.780205,0,4.36595,0,7.86585,0
2011-07-26 05:00:01,0.0692015,0,0.785643,0,4.35727,0,7.86585,0
2011-07-26 06:00:01,0.0692015,0,0.792496,0,4.31503,0,7.86585,0
2011-07-26 07:00:01,0.0724772,0,0.799648,0,4.28591,0,7.86585,0
2011-07-26 08:00:01,0.137659,0,0.806922,0,4.25135,0,7.86585,0
2011-07-26 09:00:01,0.110409,0,0.812268,0,4.18055,0,7.86585,0
2011-07-26 10:00:01,0.115994,0,0.817027,0,4.07527,0,7.86585,0
2011-07-26 11:00:01,0.105377,0,0.820963,0,4.19374,0,7.86585,0
2011-07-26 12:00:01,0.109313,0,0.822622,0,4.22377,0,7.86585,0
2011-07-26 13:00:01,0.0955579,0,0.822149,0,4.28531,0,7.86585,0
2011-07-26 14:00:01,0.115785,0,0.821462,0,4.29544,0,7.86585,0
2011-07-26 15:00:01,0.109774,0,0.819722,0,4.30561,0,7.86585,0
2011-07-26 16:00:01,0.0816581,0,0.818297,0,4.28053,0,7.86585,0
2011-07-26 17:00:01,0.0825985,0,0.814538,0,4.34689,0,7.86585,0
2011-07-26 18:00:01,0.0901674,0,0.810041,0,4.40996,0,7.86585,0
2011-07-26 19:00:01,0.0776923,0,0.805321,0,4.38819,0,7.86585,0
2011-07-26 20:00:01,0.0674664,0,0.799934,0,4.37566,0,7.86585,0
2011-07-26 21:00:01,0.0651014,0,0.794223,0,4.40759,0,7.86585,0
2011-07-26 22:00:01,0.0701068,0,0.788606,0,4.40735,0,7.86585,0
2011-07-26 23:00:01,0.0780706,0,0.784512,0,4.36326,0,7.86585,0
2011-07-27 00:00:01,0.0710585,0,0.781572,0,4.30687,0,7.86585,0
2011-07-27 01:00:01,0.0706099,0,0.78102,0,4.26948,0,7.86585,0
2011-07-27 02:00:01,0.0600668,0,0.7826,0,4.28324,0,7.86585,0
2011-07-27 03:00:01,0.0437102,0,0.785914,0,4.31368,0,7.86585,0
2011-07-27 04:00:01,0.0566702,0,0.789108,0,4.36988,0,7.86585,0
2011-07-27 05:00:01,0.107801,0,0.793979,0,4.35646,0,7.86585,0
2011-07-27 06:00:01,0.07596,0,0.800054,0,4.26836,0,7.86585,0
2011-07-27 07:00:01,0.0859259,0,0.806133,0,4.19409,0,7.86585,0
2011-07-27 08:00:01,0.124217,0,0.812001,0,4.26423,0,7.86585,0
2011-07-27 09:00:01,0.0986076,0,0.816383,0,4.21961,0,7.86585,0
2011-07-27 10:00:01,0.113973,0,0.820544,0,4.17495,0,7.86585,0
2011-07-27 11:00:01,0.118855,0,0.823964,0,4.24669,0,7.86585,0
2011-07-27 12:00:01,0.1101,0,0.825354,0,4.22447,0,7.86585,0
2011-07-27 13:00:01,0.114843,0,0.825641,0,4.24331,0,7.86585,0
2011-07-27 14:00:01,0.120839,0,0.826015,0,4.26742,0,7.86585,0
2011-07-27 15:00:01,0.111239,0,0.825109,0,4.25591,0,7.86585,0
2011-07-27 16:00:01,0.109753,0,0.824233,0,4.25931,0,7.86585,0
2011-07-27 17:00:01,0.104363,0,0.822012,0,4.29491,0,7.86585,0
2011-07-27 18:00:01,0.0920825,0,0.818578,0,4.31574,0,7.86585,0
2011-07-27 19:00:01,0.0878866,0,0.814783,0,4.35016,0,7.86585,0
2011-07-27 20:00:01,0.0919845,0,0.810347,0,4.37397,0,7.86585,0
2011-07-27 21:00:01,0.0936327,0,0.807187,0,4.35439,0,7.86585,0
2011-07-27 22:00:01,0.10409,0,0.803759,0,4.30492,0,7.86585,0
2011-07-27 23:00:01,0.0873058,0,0.800793,0,4.27279,0,7.86585,0
2011-07-28 00:00:01,0.0787763,0,0.798019,0,4.26421,0,7.86585,0
2011-07-28 01:00:01,0.086012,0,0.797064,0,4.3054,0,7.86585,0
2011-07-28 02:00:01,0.0747025,0,0.798334,0,4.31243,0,7.86585,0
2011-07-28 03:00:01,0.0703701,0,0.799748,0,4.30871,0,7.86585,0
2011-07-28 04:00:01,0.0783659,0,0.802908,0,4.34439,0,7.86585,0
2011-07-28 05:00:01,0.110487,0,0.806522,0,4.31908,0,7.86585,0
2011-07-28 06:00:01,0.0803856,0,0.810791,0,4.27512,0,7.86585,0
2011-07-28 07:00:01,0.0619231,0,0.814726,0,4.2784,0,7.86585,0
2011-07-28 08:00:01,0.1198,0,0.817695,0,4.37107,0,7.86585,0
2011-07-28 09:00:01,0.113601,0,0.820983,0,4.34055,0,7.86585,0
2011-07-28 10:00:01,0.124457,0,0.823843,0,4.18949,0,7.86585,0
2011-07-28 11:00:01,0.10799,0,0.826263,0,4.22119,0,7.86585,0
2011-07-28 12:00:01,0.101995,0,0.827379,0,4.24555,0,7.86585,0
2011-07-28 13:00:01,0.104291,0,0.827379,0,4.31918,0,7.86585,0
2011-07-28 14:00:01,0.119104,0,0.828033,0,4.32726,0,7.86585,0
2011-07-28 15:00:01,0.118211,0,0.827284,0,4.29564,0,7.86585,0
2011-07-28 16:00:01,0.118211,0,0.826729,0,4.25354,0,7.86585,0
2011-07-28 17:00:01,0.118211,0,0.825716,0,4.25613,0,7.86585,0
2011-07-28 18:00:01,0.0885949,0,0.823588,0,4.28138,0,7.86585,0
2011-07-28 19:00:01,0.0801347,0,0.82093,0,4.34325,0,7.86585,0
2011-07-28 20:00:01,0.0899249,0,0.817397,0,4.42928,0,7.86585,0
2011-07-28 21:00:01,0.0973896,0,0.814856,0,4.41238,0,7.86585,0
2011-07-28 22:00:01,0.0805698,0,0.812543,0,4.36732,0,7.86585,0
2011-07-28 23:00:01,0.0730491,0,0.810635,0,4.36809,0,7.86585,0
2011-07-29 00:00:01,0.0734754,0,0.807831,0,4.41901,0,7.86585,0
2011-07-29 01:00:01,0.0722497,0,0.807082,0,4.42838,0,7.86585,0
2011-07-29 02:00:01,0.0732498,0,0.807471,0,4.41647,0,7.86585,0
2011-07-29 03:00:01,0.0676326,0,0.80792,0,4.41425,0,7.86585,0
2011-07-29 04:00:01,0.0724244,0,0.80955,0,4.41667,0,7.86585,0
2011-07-29 05:00:01,0.0896696,0,0.812392,0,4.41039,0,7.86585,0
2011-07-29 06:00:01,0.0784364,0,0.815495,0,4.3802,0,7.86585,0
2011-07-29 07:00:01,0.0962137,0,0.818843,0,4.34683,0,7.86585,0
2011-07-29 08:00:01,0.156112,0,0.822198,0,4.30316,0,7.86585,0
2011-07-29 09:00:01,0.118901,0,0.824612,0,4.1866,0,7.86585,0
2011-07-29 10:00:01,0.132743,0,0.827567,0,4.08666,0,7.86585,0
2011-07-29 11:00:01,0.114932,0,0.829905,0,4.20627,0,7.86585,0
2011-07-29 12:00:01,0.12895,0,0.83093,0,4.20183,0,7.86585,0
2011-07-29 13:00:01,0.122663,0,0.831292,0,4.24808,0,7.86585,0
2011-07-29 14:00:01,0.117896,0,0.831345,0,4.2328,0,7.86585,0
2011-07-29 15:00:01,0.113001,0,0.830193,0,4.26994,0,7.86585,0
2011-07-29 16:00:01,0.0856885,0,0.830108,0,4.32138,0,7.86585,0
2011-07-29 17:00:01,0.084163,0,0.828514,0,4.38998,0,7.86585,0
2011-07-29 18:00:01,0.0767938,0,0.825965,0,4.47712,0,7.86585,0
2011-07-29 19:00:01,0.0789443,0,0.822802,0,4.48829,0,7.86585,0
2011-07-29 20:00:01,0.0845344,0,0.819507,0,4.48747,0,7.86585,0
2011-07-29 21:00:01,0.0913032,0,0.817045,0,4.4458,0,7.86585,0
2011-07-29 22:00:01,0.0925147,0,0.814736,0,4.39574,0,7.86585,0
2011-07-29 23:00:01,0.101166,0,0.813233,0,4.34724,0,7.86585,0
2011-07-30 00:00:01,0.0886551,0,0.811945,0,4.32531,0,7.86585,0
2011-07-30 01:00:01,0.0797572,0,0.81123,0,4.32205,0,7.86585,0
2011-07-30 02:00:01,0.0728995,0,0.811687,0,4.37644,0,7.86585,0
2011-07-30 03:00:01,0.0740776,0,0.812663,0,4.41083,0,7.86585,0
2011-07-30 04:00:01,0.0722648,0,0.814943,0,4.43061,0,7.86585,0
2011-07-30 05:00:01,0.0683807,0,0.817952,0,4.44019,0,7.86585,0
2011-07-30 06:00:01,0.0948214,0,0.820439,0,4.43745,0,7.86585,0
2011-07-30 07:00:01,0.0938634,0,0.824034,0,4.41253,0,7.86585,0
2011-07-30 08:00:01,0.130261,0,0.827003,0,4.31632,0,7.86585,0
2011-07-30 09:00:01,0.111312,0,0.829452,0,4.28296,0,7.86585,0
2011-07-30 10:00:01,0.0984197,0,0.831239,0,4.24373,0,7.86585,0
2011-07-30 11:00:01,0.116709,0,0.832605,0,4.32367,0,7.86585,0
2011-07-30 12:00:01,0.113533,0,0.83304,0,4.34123,0,7.86585,0
2011-07-30 13:00:01,0.125556,0,0.831853,0,4.28922,0,7.86585,0
2011-07-30 14:00:01,0.115387,0,0.831139,0,4.28865,0,7.86585,0
2011-07-30 15:00:01,0.110234,0,0.829783,0,4.27629,0,7.86585,0
2011-07-30 16:00:01,0.0929907,0,0.828743,0,4.328,0,7.86585,0
2011-07-30 17:00:01,0.0869395,0,0.82686,0,4.3781,0,7.86585,0
2011-07-30 18:00:01,0.0907491,0,0.824117,0,4.43009,0,7.86585,0
2011-07-30 19:00:01,0.0838778,0,0.821706,0,4.43787,0,7.86585,0
2011-07-30 20:00:01,0.0804286,0,0.819413,0,4.43009,0,7.86585,0
2011-07-30 21:00:01,0.0788681,0,0.816984,0,4.44382,0,7.86585,0
2011-07-30 22:00:01,0.0821278,0,0.81416,0,4.43978,0,7.86585,0
2011-07-30 23:00:01,0.0842051,0,0.812404,0,4.4213,0,7.86585,0
2011-07-31 00:00:01,0.0806014,0,0.810604,0,4.39628,0,7.86585,0
2011-07-31 01:00:01,0.0680498,0,0.809934,0,4.39602,0,7.86585,0
2011-07-31 02:00:01,0.063153,0,0.810462,0,4.4273,0,7.86585,0
2011-07-31 03:00:01,0.0551473,0,0.811537,0,4.47654,0,7.86585,0
2011-07-31 04:00:01,0.0601333,0,0.81356,0,4.50238,0,7.86585,0
2011-07-31 05:00:01,0.0610478,0,0.816423,0,4.52126,0,7.86585,0
2011-07-31 06:00:01,0.0709155,0,0.819635,0,4.50474,0,7.86585,0
2011-07-31 07:00:01,0.0837617,0,0.823201,0,4.48442,0,7.86585,0
2011-07-31 08:00:01,0.121817,0,0.826841,0,4.40965,0,7.86585,0
2011-07-31 09:00:01,0.118094,0,0.830027,0,4.31914,0,7.86585,0
2011-07-31 10:00:01,0.0936154,0,0.832518,0,4.25806,0,7.86585,0
2011-07-31 11:00:01,0.0994203,0,0.833621,0,4.33216,0,7.86585,0
2011-07-31 12:00:01,0.0964052,0,0.834053,0,4.41265,0,7.86585,0
2011-07-31 13:00:01,0.100709,0,0.832842,0,4.40707,0,7.86585,0
2011-07-31 14:00:01,0.115931,0,0.832394,0,4.39525,0,7.86585,0
2011-07-31 15:00:01,0.105705,0,0.831405,0,4.36054,0,7.86585,0
2011-07-31 16:00:01,0.103413,0,0.83019,0,4.3321,0,7.86585,0
2011-07-31 17:00:01,0.0962059,0,0.828796,0,4.37003,0,7.86585,0
2011-07-31 18:00:01,0.0869073,0,0.82623,0,4.39383,0,7.86585,0
2011-07-31 19:00:01,0.0886683,0,0.823772,0,4.42329,0,7.86585,0
2011-07-31 20:00:01,0.0852366,0,0.820803,0,4.43933,0,7.86585,0
2011-07-31 21:00:01,0.0830543,0,0.819752,0,4.4275,0,7.86585,0
2011-07-31 22:00:01,0.0863149,0,0.816849,0,4.42454,0,7.86585,0
2011-07-31 23:00:01,0.0808889,0,0.814703,0,4.41608,0,7.86585,0
2011-08-01 00:00:01,0.0844656,0,0.812657,0,4.40247,0,7.86585,0
2011-08-01 01:00:01,0.0788088,0,0.812428,0,4.4022,0,7.86585,0
2011-08-01 02:00:01,0.084656,0,0.8133,0,4.38618,0,7.86585,0
2011-08-01 03:00:01,0.0568825,0,0.814838,0,4.41351,0,7.86585,0
2011-08-01 04:00:01,0.0727329,0,0.816072,0,4.43826,0,7.86585,0
2011-08-01 05:00:01,0.0826939,0,0.81868,0,4.48684,0,7.86585,0
2011-08-01 06:00:01,0.0840904,0,0.821395,0,4.42766,0,7.86585,0
2011-08-01 07:00:01,0.0908172,0,0.82434,0,4.39989,0,7.86585,0
2011-08-01 08:00:01,0.135629,0,0.827421,0,4.35363,0,7.86585,0
2011-08-01 09:00:01,0.125981,0,0.829453,0,4.27059,0,7.86585,0
2011-08-01 10:00:01,0.121022,0,0.831772,0,4.17744,0,7.86585,0
2011-08-01 11:00:01,0.12705,0,0.833021,0,4.22591,0,7.86585,0
2011-08-01 12:00:01,0.105649,0,0.833323,0,4.26211,0,7.86585,0
2011-08-01 13:00:01,0.111732,0,0.832853,0,4.2905,0,7.86585,0
2011-08-01 14:00:01,0.114984,0,0.832243,0,4.34317,0,7.86585,0
2011-08-01 15:00:01,0.112511,0,0.831211,0,4.32024,0,7.86585,0
2011-08-01 16:00:01,0.0994947,0,0.829565,0,4.32478,0,7.86585,0
2011-08-01 17:00:01,0.106245,0,0.828025,0,4.34595,0,7.86585,0
2011-08-01 18:00:01,0.0854833,0,0.825743,0,4.38433,0,7.86585,0
2011-08-01 19:00:01,0.0872797,0,0.822905,0,4.39351,0,7.86585,0
2011-08-01 20:00:01,0.0819312,0,0.819907,0,4.44553,0,7.86585,0
2011-08-01 21:00:01,0.0881,0,0.817222,0,4.42914,0,7.86585,0
2011-08-01 22:00:01,0.0955753,0,0.814584,0,4.40818,0,7.86585,0
2011-08-01 23:00:01,0.0987903,0,0.811979,0,4.35451,0,7.86585,0
2011-08-02 00:00:01,0.0889931,0,0.810114,0,4.31951,0,7.86585,0
2011-08-02 01:00:01,0.0847321,0,0.809405,0,4.31873,0,7.86585,0
2011-08-02 02:00:01,0.0879425,0,0.810216,0,4.34118,0,7.86585,0
2011-08-02 03:00:01,0.0664155,0,0.811623,0,4.36287,0,7.86585,0
2011-08-02 04:00:01,0.0831809,0,0.813344,0,4.38043,0,7.86585,0
2011-08-02 05:00:01,0.0926953,0,0.816337,0,4.40893,0,7.86585,0
2011-08-02 06:00:01,0.0890782,0,0.819229,0,4.35388,0,7.86585,0
2011-08-02 07:00:01,0.116447,0,0.822113,0,4.31925,0,7.86585,0
2011-08-02 08:00:01,0.150505,0,0.825136,0,4.25895,0,7.86585,0
2011-08-02 09:00:01,0.120997,0,0.826324,0,4.1557,0,7.86585,0
2011-08-02 10:00:01,0.121716,0,0.828301,0,4.12771,0,7.86585,0
2011-08-02 11:00:01,0.130247,0,0.829403,0,4.21968,0,7.86585,0
2011-08-02 12:00:01,0.12217,0,0.829167,0,4.21716,0,7.86585,0
2011-08-02 13:00:01,0.120845,0,0.828793,0,4.21695,0,7.86585,0
2011-08-02 14:00:01,0.137653,0,0.828333,0,4.22948,0,7.86585,0
2011-08-02 15:00:01,0.124419,0,0.827102,0,4.21116,0,7.86585,0
2011-08-02 16:00:01,0.119978,0,0.826225,0,4.18837,0,7.86585,0
2011-08-02 17:00:01,0.102034,0,0.824962,0,4.25018,0,7.86585,0
2011-08-02 18:00:01,0.0973707,0,0.822942,0,4.29734,0,7.86585,0
2011-08-02 19:00:01,0.0990193,0,0.820695,0,4.35168,0,7.86585,0
2011-08-02 20:00:01,0.104034,0,0.818526,0,4.34728,0,7.86585,0
2011-08-02 21:00:01,0.103341,0,0.816285,0,4.32027,0,7.86585,0
2011-08-02 22:00:01,0.104043,0,0.814395,0,4.2926,0,7.86585,0
2011-08-02 23:00:01,0.0923658,0,0.812558,0,4.29206,0,7.86585,0
2011-08-03 00:00:01,0.0908755,0,0.810805,0,4.30247,0,7.86585,0
2011-08-03 01:00:01,0.0832805,0,0.810428,0,4.33698,0,7.86585,0
2011-08-03 02:00:01,0.0718163,0,0.810923,0,4.35871,0,7.86585,0
2011-08-03 03:00:01,0.0641237,0,0.811866,0,4.4066,0,7.86585,0
2011-08-03 04:00:01,0.0730696,0,0.813847,0,4.44823,0,7.86585,0
2011-08-03 05:00:01,0.087764,0,0.816601,0,4.44407,0,7.86585,0
2011-08-03 06:00:01,0.079393,0,0.81972,0,4.40576,0,7.86585,0
2011-08-03 07:00:01,0.11324,0,0.822714,0,4.35915,0,7.86585,0
2011-08-03 08:00:01,0.135289,0,0.826136,0,4.31201,0,7.86585,0
2011-08-03 09:00:01,0.140439,0,0.828477,0,4.17999,0,7.86585,0
2011-08-03 10:00:01,0.132291,0,0.830546,0,4.12985,0,7.86585,0
2011-08-03 11:00:01,0.0986139,0,0.832006,0,4.1814,0,7.86585,0
2011-08-03 12:00:01,0.107056,0,0.831913,0,4.27737,0,7.86585,0
2011-08-03 13:00:01,0.122393,0,0.831691,0,4.35522,0,7.86585,0
2011-08-03 14:00:01,0.118734,0,0.831086,0,4.30685,0,7.86585,0
2011-08-03 15:00:01,0.131208,0,0.830345,0,4.25435,0,7.86585,0
2011-08-03 16:00:01,0.120161,0,0.829813,0,4.24881,0,7.86585,0
2011-08-03 17:00:01,0.102637,0,0.828637,0,4.24718,0,7.86585,0
2011-08-03 18:00:01,0.0927383,0,0.826487,0,4.3208,0,7.86585,0
2011-08-03 19:00:01,0.110487,0,0.823873,0,4.36933,0,7.86585,0
2011-08-03 20:00:01,0.0917787,0,0.821161,0,4.37179,0,7.86585,0
2011-08-03 21:00:01,0.0896811,0,0.818526,0,4.34367,0,7.86585,0
2011-08-03 22:00:01,0.0854007,0,0.816029,0,4.39237,0,7.86585,0
2011-08-03 23:00:01,0.0681546,0,0.813464,0,4.40857,0,7.86585,0
2011-08-04 00:00:01,0.0555157,0,0.810968,0,4.45307,0,7.86585,0
2011-08-04 01:00:01,0.053004,0,0.809309,0,4.51748,0,7.86585,0
2011-08-04 02:00:01,0.0474216,0,0.80891,0,4.55166,0,7.86585,0
2011-08-04 03:00:01,0.0435638,0,0.809232,0,4.56301,0,7.86585,0
2011-08-04 04:00:01,0.0628516,0,0.810819,0,4.56274,0,7.86585,0
2011-08-04 05:00:01,0.0907293,0,0.813634,0,4.50889,0,7.86585,0
2011-08-04 06:00:01,0.0794046,0,0.817545,0,4.41355,0,7.86585,0
2011-08-04 07:00:01,0.124388,0,0.820713,0,4.32188,0,7.86585,0
2011-08-04 08:00:01,0.192708,0,0.824546,0,4.21701,0,7.86585,0
2011-08-04 09:00:01,0.155311,0,0.825843,0,4.00472,0,7.86585,0
2011-08-04 10:00:01,0.115978,0,0.827971,0,3.93235,0,7.86585,0
2011-08-04 11:00:01,0.122092,0,0.829432,0,4.13332,0,7.86585,0
2011-08-04 12:00:01,0.118667,0,0.829877,0,4.25212,0,7.86585,0
2011-08-04 13:00:01,0.114611,0,0.829922,0,4.25443,0,7.86585,0
2011-08-04 14:00:01,0.11695,0,0.829597,0,4.2758,0,7.86585,0
2011-08-04 15:00:01,0.111555,0,0.828479,0,4.28978,0,7.86585,0
2011-08-04 16:00:01,0.117184,0,0.827558,0,4.2863,0,7.86585,0
2011-08-04 17:00:01,0.107725,0,0.825615,0,4.29655,0,7.86585,0
2011-08-04 18:00:01,0.0907093,0,0.822558,0,4.30845,0,7.86585,0
2011-08-04 19:00:01,0.0940831,0,0.818209,0,4.35779,0,7.86585,0
2011-08-04 20:00:01,0.0903179,0,0.81355,0,4.38956,0,7.86585,0
2011-08-04 21:00:01,0.0942023,0,0.809985,0,4.36056,0,7.86585,0
2011-08-04 22:00:01,0.0980129,0,0.806626,0,4.33434,0,7.86585,0
2011-08-04 23:00:01,0.0961187,0,0.803243,0,4.29249,0,7.86585,0
2011-08-05 00:00:01,0.0836267,0,0.801018,0,4.27655,0,7.86585,0
2011-08-05 01:00:01,0.0662049,0,0.801137,0,4.30557,0,7.86585,0
2011-08-05 02:00:01,0.0627621,0,0.801662,0,4.36685,0,7.86585,0
2011-08-05 03:00:01,0.0654652,0,0.803544,0,4.41739,0,7.86585,0
2011-08-05 04:00:01,0.0682557,0,0.807015,0,4.42281,0,7.86585,0
2011-08-05 05:00:01,0.108736,0,0.810638,0,4.37744,0,7.86585,0
2011-08-05 06:00:01,0.0956589,0,0.814795,0,4.3174,0,7.86585,0
2011-08-05 07:00:01,0.121595,0,0.818418,0,4.218,0,7.86585,0
2011-08-05 08:00:01,0.169947,0,0.821486,0,4.17981,0,7.86585,0
2011-08-05 09:00:01,0.138292,0,0.823138,0,4.05974,0,7.86585,0
2011-08-05 10:00:01,0.122438,0,0.82494,0,4.0125,0,7.86585,0
2011-08-05 11:00:01,0.124916,0,0.826583,0,4.15101,0,7.86585,0
2011-08-05 12:00:01,0.103655,0,0.826715,0,4.22508,0,7.86585,0
2011-08-05 13:00:01,0.120435,0,0.826145,0,4.25221,0,7.86585,0
2011-08-05 14:00:01,0.127615,0,0.825647,0,4.27987,0,7.86585,0
2011-08-05 15:00:01,0.116647,0,0.824601,0,4.2249,0,7.86585,0
2011-08-05 16:00:01,0.119007,0,0.823635,0,4.21918,0,7.86585,0
2011-08-05 17:00:01,0.123243,0,0.821532,0,4.23858,0,7.86585,0
2011-08-05 18:00:01,0.103788,0,0.817927,0,4.23531,0,7.86585,0
2011-08-05 19:00:01,0.103912,0,0.814018,0,4.25068,0,7.86585,0
2011-08-05 20:00:01,0.103183,0,0.80984,0,4.2921,0,7.86585,0
2011-08-05 21:00:01,0.0813955,0,0.805814,0,4.29216,0,7.86585,0
2011-08-05 22:00:01,0.0997409,0,0.801742,0,4.29546,0,7.86585,0
2011-08-05 23:00:01,0.0937477,0,0.799138,0,4.30547,0,7.86585,0
2011-08-06 00:00:01,0.0944382,0,0.796847,0,4.23891,0,7.86585,0
2011-08-06 01:00:01,0.0806839,0,0.797322,0,4.24955,0,7.86585,0
2011-08-06 02:00:01,0.081176,0,0.799379,0,4.26257,0,7.86585,0
2011-08-06 03:00:01,0.079875,0,0.801598,0,4.30029,0,7.86585,0
2011-08-06 04:00:01,0.101464,0,0.805327,0,4.28758,0,7.86585,0
2011-08-06 05:00:01,0.0946193,0,0.809835,0,4.26949,0,7.86585,0
2011-08-06 06:00:01,0.103779,0,0.813431,0,4.22787,0,7.86585,0
2011-08-06 07:00:01,0.131771,0,0.816747,0,4.22589,0,7.86585,0
2011-08-06 08:00:01,0.164244,0,0.819578,0,4.13399,0,7.86585,0
2011-08-06 09:00:01,0.114065,0,0.821423,0,4.0555,0,7.86585,0
2011-08-06 10:00:01,0.0978027,0,0.823592,0,4.09215,0,7.86585,0
2011-08-06 11:00:01,0.118575,0,0.82483,0,4.2688,0,7.86585,0
2011-08-06 12:00:01,0.144545,0,0.825667,0,4.26118,0,7.86585,0
2011-08-06 13:00:01,0.115585,0,0.826426,0,4.1857,0,7.86585,0
2011-08-06 14:00:01,0.13898,0,0.826848,0,4.14846,0,7.86585,0
2011-08-06 15:00:01,0.117599,0,0.826664,0,4.21439,0,7.86585,0
2011-08-06 16:00:01,0.12799,0,0.826112,0,4.17951,0,7.86585,0
2011-08-06 17:00:01,0.11869,0,0.824553,0,4.23252,0,7.86585,0
2011-08-06 18:00:01,0.112857,0,0.82157,0,4.22256,0,7.86585,0
2011-08-06 19:00:01,0.104221,0,0.818591,0,4.26301,0,7.86585,0
2011-08-06 20:00:01,0.110081,0,0.815692,0,4.2783,0,7.86585,0
2011-08-06 21:00:01,0.10949,0,0.815056,0,4.27527,0,7.86585,0
2011-08-06 22:00:01,0.132456,0,0.813043,0,4.22053,0,7.86585,0
2011-08-06 23:00:01,0.112317,0,0.811435,0,4.18453,0,7.86585,0
2011-08-07 00:00:01,0.0978863,0,0.810176,0,4.1628,0,7.86585,0
2011-08-07 01:00:01,0.0939727,0,0.810419,0,4.24548,0,7.86585,0
2011-08-07 02:00:01,0.0917096,0,0.811505,0,4.29176,0,7.86585,0
2011-08-07 03:00:01,0.0860937,0,0.812612,0,4.31144,0,7.86585,0
2011-08-07 04:00:01,0.0917391,0,0.814716,0,4.32782,0,7.86585,0
2011-08-07 05:00:01,0.0846818,0,0.817387,0,4.34801,0,7.86585,0
2011-08-07 06:00:01,0.0921989,0,0.819084,0,4.34787,0,7.86585,0
2011-08-07 07:00:01,0.137547,0,0.821593,0,4.32201,0,7.86585,0
2011-08-07 08:00:01,0.194765,0,0.824033,0,4.16547,0,7.86585,0
2011-08-07 09:00:01,0.137315,0,0.824743,0,3.98498,0,7.86585,0
2011-08-07 10:00:01,0.123309,0,0.826689,0,3.95535,0,7.86585,0
2011-08-07 11:00:01,0.101875,0,0.828134,0,4.18784,0,7.86585,0
2011-08-07 12:00:01,0.113898,0,0.827845,0,4.26817,0,7.86585,0
2011-08-07 13:00:01,0.123738,0,0.827817,0,4.30702,0,7.86585,0
2011-08-07 14:00:01,0.125499,0,0.828296,0,4.25324,0,7.86585,0
2011-08-07 15:00:01,0.124308,0,0.828389,0,4.22095,0,7.86585,0
2011-08-07 16:00:01,0.107933,0,0.828474,0,4.23539,0,7.86585,0
2011-08-07 17:00:01,0.114069,0,0.827274,0,4.26728,0,7.86585,0
2011-08-07 18:00:01,0.1142,0,0.825216,0,4.30325,0,7.86585,0
2011-08-07 19:00:01,0.115864,0,0.823168,0,4.27871,0,7.86585,0
2011-08-07 20:00:01,0.132262,0,0.821162,0,4.24883,0,7.86585,0
2011-08-07 21:00:01,0.0852321,0,0.820344,0,4.2458,0,7.86585,0
2011-08-07 22:00:01,0.085404,0,0.8176,0,4.27952,0,7.86585,0
2011-08-07 23:00:01,0.0957724,0,0.814789,0,4.3995,0,7.86585,0
2011-08-08 00:00:01,0.0809021,0,0.813506,0,4.38236,0,7.86585,0
2011-08-08 01:00:01,0.0813665,0,0.813349,0,4.36539,0,7.86585,0
2011-08-08 02:00:01,0.0686846,0,0.814351,0,4.4106,0,7.86585,0
2011-08-08 03:00:01,0.06375,0,0.814707,0,4.43635,0,7.86585,0
2011-08-08 04:00:01,0.0718086,0,0.816176,0,4.47809,0,7.86585,0
2011-08-08 05:00:01,0.099078,0,0.818272,0,4.4547,0,7.86585,0
2011-08-08 06:00:01,0.101892,0,0.82077,0,4.37927,0,7.86585,0
2011-08-08 07:00:01,0.131941,0,0.822785,0,4.27289,0,7.86585,0
2011-08-08 08:00:01,0.198534,0,0.825045,0,4.15105,0,7.86585,0
2011-08-08 09:00:01,0.131197,0,0.825584,0,4.00884,0,7.86585,0
2011-08-08 10:00:01,0.135933,0,0.82749,0,3.9501,0,7.86585,0
2011-08-08 11:00:01,0.137407,0,0.828622,0,4.15093,0,7.86585,0
2011-08-08 12:00:01,0.135081,0,0.828506,0,4.14266,0,7.86585,0
2011-08-08 13:00:01,0.12745,0,0.8285,0,4.15839,0,7.86585,0
2011-08-08 14:00:01,0.134807,0,0.828984,0,4.17643,0,7.86585,0
2011-08-08 15:00:01,0.146736,0,0.828248,0,4.1728,0,7.86585,0
2011-08-08 16:00:01,0.140641,0,0.828062,0,4.13318,0,7.86585,0
2011-08-08 17:00:01,0.124902,0,0.826346,0,4.12512,0,7.86585,0
2011-08-08 19:00:01,0.107755,0,0.823886,0,4.18773,0,7.86585,0
2011-08-08 20:00:01,0.09731,0,0.820944,0,4.27324,0,7.86585,0
2011-08-08 21:00:01,0.105857,0,0.817711,0,4.32401,0,7.86585,0
2011-08-08 22:00:01,0.104513,0,0.815407,0,4.3231,0,7.86585,0
2011-08-08 23:00:01,0.0998375,0,0.812579,0,4.28722,0,7.86585,0
2011-08-09 00:00:01,0.0816805,0,0.810046,0,4.30163,0,7.86585,0
2011-08-09 01:00:01,0.0678761,0,0.807623,0,4.35067,0,7.86585,0
2011-08-09 02:00:01,0.0752767,0,0.807014,0,4.40938,0,7.86585,0
2011-08-09 03:00:01,0.0670264,0,0.807894,0,4.43119,0,7.86585,0
2011-08-09 04:00:01,0.0796249,0,0.809096,0,4.40528,0,7.86585,0
2011-08-09 05:00:01,0.0888173,0,0.812244,0,4.39678,0,7.86585,0
2011-08-09 06:00:01,0.0894524,0,0.815738,0,4.34816,0,7.86585,0
2011-08-09 07:00:01,0.11095,0,0.818257,0,4.31121,0,7.86585,0
2011-08-09 08:00:01,0.184171,0,0.821221,0,4.21204,0,7.86585,0
2011-08-09 09:00:01,0.126061,0,0.823166,0,4.0777,0,7.86585,0
2011-08-09 10:00:01,0.122429,0,0.825453,0,3.99331,0,7.86585,0
2011-08-09 11:00:01,0.113668,0,0.827379,0,4.19874,0,7.86585,0
2011-08-09 12:00:01,0.121189,0,0.828541,0,4.23197,0,7.86585,0
2011-08-09 13:00:01,0.120177,0,0.82915,0,4.2561,0,7.86585,0
2011-08-09 14:00:01,0.126299,0,0.829195,0,4.23815,0,7.86585,0
2011-08-09 15:00:01,0.160228,0,0.829376,0,4.19976,0,7.86585,0
2011-08-09 16:00:01,0.130101,0,0.828498,0,4.14576,0,7.86585,0
2011-08-09 17:00:01,0.132857,0,0.826884,0,4.10109,0,7.86585,0
2011-08-09 18:00:01,0.106024,0,0.824327,0,4.20997,0,7.86585,0
2011-08-09 19:00:01,0.109565,0,0.820343,0,4.2434,0,7.86585,0
2011-08-09 20:00:01,0.112048,0,0.816802,0,4.3004,0,7.86585,0
2011-08-09 21:00:01,0.10908,0,0.81334,0,4.2686,0,7.86585,0
2011-08-09 22:00:01,0.108367,0,0.811467,0,4.2453,0,7.86585,0
2011-08-09 23:00:01,0.0944127,0,0.808292,0,4.25017,0,7.86585,0
2011-08-10 00:00:01,0.0868382,0,0.805469,0,4.27048,0,7.86585,0
2011-08-10 01:00:01,0.0871462,0,0.804063,0,4.31239,0,7.86585,0
2011-08-10 02:00:01,0.0835324,0,0.80361,0,4.32154,0,7.86585,0
2011-08-10 03:00:01,0.0797774,0,0.804813,0,4.31986,0,7.86585,0
2011-08-10 04:00:01,0.0870854,0,0.80664,0,4.32698,0,7.86585,0
2011-08-10 05:00:01,0.107431,0,0.809558,0,4.30616,0,7.86585,0
2011-08-10 06:00:01,0.103408,0,0.812964,0,4.25775,0,7.86585,0
2011-08-10 07:00:01,0.131054,0,0.815927,0,4.19184,0,7.86585,0
2011-08-10 08:00:01,0.149263,0,0.819266,0,4.14894,0,7.86585,0
2011-08-10 09:00:01,0.149196,0,0.821969,0,4.04913,0,7.86585,0
2011-08-10 10:00:01,0.116387,0,0.82502,0,4.04571,0,7.86585,0
2011-08-10 11:00:01,0.133109,0,0.828027,0,4.11328,0,7.86585,0
2011-08-10 12:00:01,0.113487,0,0.829587,0,4.21511,0,7.86585,0
2011-08-10 13:00:01,0.134677,0,0.830306,0,4.19972,0,7.86585,0
2011-08-10 14:00:01,0.133652,0,0.830912,0,4.23009,0,7.86585,0
2011-08-10 15:00:01,0.162853,0,0.830924,0,4.1461,0,7.86585,0
2011-08-10 17:00:01,0.129088,0,0.830259,0,4.12792,0,7.86585,0
2011-08-10 18:00:01,0.129151,0,0.829025,0,4.10896,0,7.86585,0
2011-08-10 19:00:01,0.0959275,0,0.826661,0,4.24082,0,7.86585,0
2011-08-10 20:00:01,0.120017,0,0.822751,0,4.27616,0,7.86585,0
2011-08-10 21:00:01,0.139963,0,0.819604,0,4.29537,0,7.86585,0
2011-08-10 22:00:01,0.1335,0,0.816234,0,4.17161,0,7.86585,0
2011-08-10 23:00:01,0.11544,0,0.815017,0,4.12137,0,7.86585,0
2011-08-11 00:00:01,0.0934608,0,0.812531,0,4.18145,0,7.86585,0
2011-08-11 01:00:01,0.100649,0,0.809784,0,4.25737,0,7.86585,0
2011-08-11 02:00:01,0.0751342,0,0.808669,0,4.32308,0,7.86585,0
2011-08-11 03:00:01,0.0717509,0,0.808176,0,4.34186,0,7.86585,0
2011-08-11 04:00:01,0.0848198,0,0.80798,0,4.40114,0,7.86585,0
2011-08-11 05:00:01,0.0985913,0,0.810019,0,4.36685,0,7.86585,0
2011-08-11 06:00:01,0.111722,0,0.813044,0,4.28714,0,7.86585,0
2011-08-11 07:00:01,0.144886,0,0.81601,0,4.19292,0,7.86585,0
2011-08-11 08:00:01,0.158951,0,0.818213,0,4.08827,0,7.86585,0
2011-08-11 09:00:01,0.168668,0,0.82066,0,3.96814,0,7.86585,0
2011-08-11 10:00:01,0.153682,0,0.822968,0,3.93724,0,7.86585,0
2011-08-11 11:00:01,0.122563,0,0.825142,0,3.983,0,7.86585,0
2011-08-11 12:00:01,0.1514,0,0.826423,0,4.07549,0,7.86585,0
2011-08-11 13:00:01,0.136943,0,0.827552,0,4.13818,0,7.86585,0
2011-08-11 14:00:01,0.129286,0,0.828139,0,4.09845,0,7.86585,0
2011-08-11 15:00:01,0.11657,0,0.829126,0,4.17654,0,7.86585,0
2011-08-11 16:00:01,0.100236,0,0.828901,0,4.24682,0,7.86585,0
2011-08-11 17:00:01,0.132018,0,0.828057,0,4.28937,0,7.86585,0
2011-08-11 18:00:01,0.121481,0,0.827402,0,4.28701,0,7.86585,0
2011-08-11 19:00:01,0.117149,0,0.825134,0,4.21405,0,7.86585,0
2011-08-11 20:00:01,0.0993429,0,0.822959,0,4.26602,0,7.86585,0
2011-08-11 21:00:01,0.0867047,0,0.81926,0,4.3186,0,7.86585,0
2011-08-11 22:00:01,0.101101,0,0.8169,0,4.36804,0,7.86585,0
2011-08-11 23:00:01,0.0985993,0,0.814032,0,4.36338,0,7.86585,0
2011-08-12 00:00:01,0.0790525,0,0.812097,0,4.32606,0,7.86585,0
2011-08-12 01:00:01,0.0890993,0,0.810473,0,4.34786,0,7.86585,0
2011-08-12 02:00:01,0.0801248,0,0.810465,0,4.38128,0,7.86585,0
2011-08-12 03:00:01,0.0816735,0,0.811606,0,4.35848,0,7.86585,0
2011-08-12 04:00:01,0.10848,0,0.813512,0,4.35175,0,7.86585,0
2011-08-12 05:00:01,0.123552,0,0.81722,0,4.28259,0,7.86585,0
2011-08-12 06:00:01,0.123781,0,0.820615,0,4.18274,0,7.86585,0
2011-08-12 07:00:01,0.154624,0,0.82352,0,4.12275,0,7.86585,0
2011-08-12 08:00:01,0.218536,0,0.825709,0,4.01728,0,7.86585,0
2011-08-12 09:00:01,0.174148,0,0.825714,0,3.8595,0,7.86585,0
2011-08-12 10:00:01,0.139515,0,0.826985,0,3.80427,0,7.86585,0
2011-08-12 11:00:01,0.144715,0,0.827668,0,4.00935,0,7.86585,0
2011-08-12 12:00:01,0.130278,0,0.827745,0,4.12053,0,7.86585,0
2011-08-12 13:00:01,0.164317,0,0.82733,0,4.10502,0,7.86585,0
2011-08-12 14:00:01,0.146094,0,0.827208,0,4.10026,0,7.86585,0
2011-08-12 15:00:01,0.158755,0,0.826248,0,4.02121,0,7.86585,0
2011-08-12 16:00:01,0.137076,0,0.825582,0,4.06978,0,7.86585,0
2011-08-12 17:00:01,0.117379,0,0.823852,0,4.09191,0,7.86585,0
2011-08-12 18:00:01,0.112779,0,0.821231,0,4.19499,0,7.86585,0
2011-08-12 19:00:01,0.140034,0,0.817888,0,4.22795,0,7.86585,0
2011-08-12 20:00:01,0.127083,0,0.814884,0,4.18642,0,7.86585,0
2011-08-12 21:00:01,0.103283,0,0.812135,0,4.1368,0,7.86585,0
2011-08-12 22:00:01,0.0950206,0,0.809459,0,4.21273,0,7.86585,0
2011-08-12 23:00:01,0.114839,0,0.806739,0,4.26365,0,7.86585,0
2011-08-13 00:00:01,0.11162,0,0.805618,0,4.2357,0,7.86585,0
2011-08-13 01:00:01,0.11521,0,0.806649,0,4.1645,0,7.86585,0
2011-08-13 02:00:01,0.0884778,0,0.808454,0,4.18434,0,7.86585,0
2011-08-13 03:00:01,0.0781188,0,0.810611,0,4.2379,0,7.86585,0
2011-08-13 04:00:01,0.0926107,0,0.813047,0,4.33319,0,7.86585,0
2011-08-13 05:00:01,0.105254,0,0.816555,0,4.3348,0,7.86585,0
2011-08-13 06:00:01,0.147014,0,0.819475,0,4.23913,0,7.86585,0
2011-08-13 07:00:01,0.184961,0,0.822877,0,4.09697,0,7.86585,0
2011-08-13 08:00:01,0.200205,0,0.825371,0,3.90032,0,7.86585,0
2011-08-13 09:00:01,0.167687,0,0.826548,0,3.80657,0,7.86585,0
2011-08-13 10:00:01,0.143217,0,0.827444,0,3.86671,0,7.86585,0
2011-08-13 11:00:01,0.128607,0,0.827801,0,4.03855,0,7.86585,0
2011-08-13 12:00:01,0.176341,0,0.827463,0,4.09913,0,7.86585,0
2011-08-13 13:00:01,0.1907,0,0.826537,0,4.03619,0,7.86585,0
2011-08-13 14:00:01,0.207095,0,0.82534,0,3.84735,0,7.86585,0
2011-08-13 15:00:01,0.170642,0,0.823615,0,3.80387,0,7.86585,0
2011-08-13 16:00:01,0.166081,0,0.822177,0,3.82525,0,7.86585,0
2011-08-13 17:00:01,0.140209,0,0.819334,0,3.96113,0,7.86585,0
2011-08-13 18:00:01,0.121964,0,0.815408,0,4.03391,0,7.86585,0
2011-08-13 19:00:01,0.121059,0,0.811489,0,4.13499,0,7.86585,0
2011-08-13 20:00:01,0.111311,0,0.807756,0,4.18099,0,7.86585,0
2011-08-13 21:00:01,0.105853,0,0.804448,0,4.1853,0,7.86585,0
2011-08-13 22:00:01,0.0939016,0,0.801614,0,4.21489,0,7.86585,0
2011-08-13 23:00:01,0.0974674,0,0.799014,0,4.23095,0,7.86585,0
2011-08-14 00:00:01,0.103975,0,0.797498,0,4.23497,0,7.86585,0
2011-08-14 01:00:01,0.100103,0,0.798298,0,4.19991,0,7.86585,0
2011-08-14 02:00:01,0.0934496,0,0.800685,0,4.18476,0,7.86585,0
2011-08-14 03:00:01,0.0931726,0,0.803369,0,4.2094,0,7.86585,0
2011-08-14 04:00:01,0.101034,0,0.806563,0,4.23191,0,7.86585,0
2011-08-14 05:00:01,0.123641,0,0.810455,0,4.21013,0,7.86585,0
2011-08-14 06:00:01,0.168444,0,0.814164,0,4.11486,0,7.86585,0
2011-08-14 07:00:01,0.191602,0,0.818274,0,3.95535,0,7.86585,0
2011-08-14 08:00:01,0.177751,0,0.821685,0,3.81168,0,7.86585,0
2011-08-14 09:00:01,0.136206,0,0.825186,0,3.83421,0,7.86585,0
2011-08-14 10:00:01,0.131743,0,0.828068,0,3.98597,0,7.86585,0
2011-08-14 11:00:01,0.1367,0,0.829284,0,4.13469,0,7.86585,0
2011-08-14 12:00:01,0.135974,0,0.829792,0,4.15637,0,7.86585,0
2011-08-14 13:00:01,0.153162,0,0.830042,0,4.13735,0,7.86585,0
2011-08-14 14:00:01,0.176701,0,0.829421,0,4.08653,0,7.86585,0
2011-08-14 15:00:01,0.149261,0,0.828502,0,4.01673,0,7.86585,0
2011-08-14 16:00:01,0.140223,0,0.826534,0,4.00862,0,7.86585,0
2011-08-14 17:00:01,0.123385,0,0.823382,0,4.12019,0,7.86585,0
2011-08-14 18:00:01,0.113982,0,0.819093,0,4.18053,0,7.86585,0
2011-08-14 19:00:01,0.102061,0,0.815419,0,4.24528,0,7.86585,0
2011-08-14 20:00:01,0.0899291,0,0.811731,0,4.28775,0,7.86585,0
2011-08-14 21:00:01,0.103081,0,0.809277,0,4.31073,0,7.86585,0
2011-08-14 22:00:01,0.115312,0,0.806855,0,4.28773,0,7.86585,0
2011-08-14 23:00:01,0.0971056,0,0.804946,0,4.22363,0,7.86585,0
2011-08-15 00:00:01,0.0887619,0,0.804041,0,4.21758,0,7.86585,0
2011-08-15 01:00:01,0.0767574,0,0.804397,0,4.2889,0,7.86585,0
2011-08-15 02:00:01,0.0635458,0,0.805847,0,4.34397,0,7.86585,0
2011-08-15 03:00:01,0.0615453,0,0.807566,0,4.40785,0,7.86585,0
2011-08-15 04:00:01,0.0844965,0,0.809416,0,4.43423,0,7.86585,0
2011-08-15 05:00:01,0.12508,0,0.811896,0,4.36338,0,7.86585,0
2011-08-15 06:00:01,0.152824,0,0.815884,0,4.19695,0,7.86585,0
2011-08-15 07:00:01,0.160897,0,0.82007,0,4.02614,0,7.86585,0
2011-08-15 08:00:01,0.208504,0,0.823921,0,3.89876,0,7.86585,0
2011-08-15 09:00:01,0.159443,0,0.826524,0,3.85257,0,7.86585,0
2011-08-15 10:00:01,0.126083,0,0.8294,0,3.86409,0,7.86585,0
2011-08-15 11:00:01,0.147287,0,0.830796,0,4.07643,0,7.86585,0
2011-08-15 12:00:01,0.139073,0,0.830926,0,4.15727,0,7.86585,0
2011-08-15 13:00:01,0.152278,0,0.830308,0,4.10843,0,7.86585,0
2011-08-15 14:00:01,0.175958,0,0.829707,0,4.08682,0,7.86585,0
2011-08-15 15:00:01,0.172836,0,0.828037,0,4.00152,0,7.86585,0
2011-08-15 16:00:01,0.15901,0,0.825778,0,3.94582,0,7.86585,0
2011-08-15 17:00:01,0.145224,0,0.82268,0,3.98922,0,7.86585,0
2011-08-15 18:00:01,0.149355,0,0.818976,0,4.04151,0,7.86585,0
2011-08-15 19:00:01,0.131402,0,0.815001,0,4.07589,0,7.86585,0
2011-08-15 20:00:01,0.124854,0,0.811401,0,4.08527,0,7.86585,0
2011-08-15 21:00:01,0.120876,0,0.808257,0,4.13354,0,7.86585,0
2011-08-16 00:00:01,0.11288,0,0.804753,0,4.14686,0,7.86585,0
2011-08-16 01:00:01,0.0948548,0,0.802046,0,4.17222,0,7.86585,0
2011-08-16 02:00:01,0.0760051,0,0.800266,0,4.23197,0,7.86585,0
2011-08-16 03:00:01,0.0601775,0,0.80029,0,4.32187,0,7.86585,0
2011-08-16 04:00:01,0.0721494,0,0.80126,0,4.38644,0,7.86585,0
2011-08-16 05:00:01,0.109337,0,0.804324,0,4.36847,0,7.86585,0
2011-08-16 06:00:01,0.12738,0,0.808526,0,4.24521,0,7.86585,0
2011-08-16 07:00:01,0.180517,0,0.81278,0,4.05767,0,7.86585,0
2011-08-16 08:00:01,0.175753,0,0.816004,0,3.92388,0,7.86585,0
2011-08-16 09:00:01,0.144706,0,0.819078,0,3.82938,0,7.86585,0
2011-08-16 10:00:01,0.139488,0,0.822077,0,3.93327,0,7.86585,0
2011-08-16 11:00:01,0.156717,0,0.824251,0,4.03843,0,7.86585,0
2011-08-16 12:00:01,0.156969,0,0.826443,0,4.03677,0,7.86585,0
2011-08-16 13:00:01,0.173802,0,0.828633,0,3.98328,0,7.86585,0
2011-08-16 14:00:01,0.195833,0,0.829803,0,3.93993,0,7.86585,0
2011-08-16 15:00:01,0.159928,0,0.829491,0,3.8934,0,7.86585,0
2011-08-16 16:00:01,0.156681,0,0.828737,0,3.91096,0,7.86585,0
2011-08-16 17:00:01,0.130604,0,0.826997,0,4.05338,0,7.86585,0
2011-08-16 18:00:01,0.120631,0,0.823917,0,4.12107,0,7.86585,0
2011-08-16 19:00:01,0.117578,0,0.820331,0,4.21347,0,7.86585,0
2011-08-16 20:00:01,0.100229,0,0.816298,0,4.25188,0,7.86585,0
2011-08-16 21:00:01,0.11086,0,0.81158,0,4.26466,0,7.86585,0
2011-08-16 22:00:01,0.100556,0,0.808041,0,4.28221,0,7.86585,0
2011-08-16 23:00:01,0.0928301,0,0.804071,0,4.25358,0,7.86585,0
2011-08-17 00:00:01,0.0887169,0,0.800367,0,4.27885,0,7.86585,0
2011-08-17 01:00:01,0.0751711,0,0.798057,0,4.30154,0,7.86585,0
2011-08-17 02:00:01,0.0671932,0,0.796603,0,4.32732,0,7.86585,0
2011-08-17 03:00:01,0.0569876,0,0.796596,0,4.37693,0,7.86585,0
2011-08-17 04:00:01,0.0739645,0,0.797917,0,4.39445,0,7.86585,0
2011-08-17 05:00:01,0.0940489,0,0.80072,0,4.36798,0,7.86585,0
2011-08-17 06:00:01,0.088442,0,0.80435,0,4.28791,0,7.86585,0
2011-08-17 07:00:01,0.119948,0,0.808454,0,4.22056,0,7.86585,0
2011-08-17 08:00:01,0.135165,0,0.812896,0,4.17892,0,7.86585,0
2011-08-17 09:00:01,0.12856,0,0.817157,0,4.08412,0,7.86585,0
2011-08-17 10:00:01,0.120032,0,0.821517,0,4.08566,0,7.86585,0
2011-08-17 11:00:01,0.116625,0,0.824984,0,4.15215,0,7.86585,0
2011-08-17 12:00:01,0.115021,0,0.827277,0,4.21112,0,7.86585,0
2011-08-17 13:00:01,0.124337,0,0.828962,0,4.23754,0,7.86585,0
2011-08-17 14:00:01,0.110401,0,0.830271,0,4.25433,0,7.86585,0
2011-08-17 15:00:01,0.148208,0,0.830263,0,4.228,0,7.86585,0
2011-08-17 16:00:01,0.146278,0,0.830118,0,4.20379,0,7.86585,0
2011-08-17 17:00:01,0.110633,0,0.82964,0,4.13364,0,7.86585,0
2011-08-17 18:00:01,0.129879,0,0.827679,0,4.19068,0,7.86585,0
2011-08-17 19:00:01,0.107172,0,0.824721,0,4.27848,0,7.86585,0
2011-08-17 20:00:01,0.109739,0,0.820427,0,4.25528,0,7.86585,0
2011-08-17 21:00:01,0.102515,0,0.816416,0,4.30939,0,7.86585,0
2011-08-17 22:00:01,0.094913,0,0.812198,0,4.30227,0,7.86585,0
2011-08-17 23:00:01,0.0821229,0,0.809463,0,4.32682,0,7.86585,0
2011-08-18 00:00:01,0.0739107,0,0.806444,0,4.36021,0,7.86585,0
2011-08-18 01:00:01,0.0707963,0,0.804289,0,4.39698,0,7.86585,0
2011-08-18 02:00:01,0.0606612,0,0.803458,0,4.42158,0,7.86585,0
2011-08-18 03:00:01,0.0442401,0,0.803103,0,4.45342,0,7.86585,0
2011-08-18 04:00:01,0.0616064,0,0.803177,0,4.49082,0,7.86585,0
2011-08-18 05:00:01,0.0953426,0,0.805353,0,4.46848,0,7.86585,0
2011-08-18 06:00:01,0.0802471,0,0.809007,0,4.36526,0,7.86585,0
2011-08-18 07:00:01,0.139587,0,0.812508,0,4.24314,0,7.86585,0
2011-08-18 08:00:01,0.172919,0,0.817284,0,4.15375,0,7.86585,0
2011-08-18 09:00:01,0.145016,0,0.821409,0,3.95971,0,7.86585,0
2011-08-18 10:00:01,0.152935,0,0.825026,0,3.93177,0,7.86585,0
2011-08-18 11:00:01,0.126654,0,0.827903,0,4.05212,0,7.86585,0
2011-08-18 12:00:01,0.134632,0,0.829417,0,4.09544,0,7.86585,0
2011-08-18 13:00:01,0.139772,0,0.830628,0,4.17131,0,7.86585,0
2011-08-18 14:00:01,0.156115,0,0.830842,0,4.13362,0,7.86585,0
2011-08-18 15:00:01,0.16161,0,0.830357,0,4.08719,0,7.86585,0
2011-08-18 16:00:01,0.14234,0,0.829454,0,4.05002,0,7.86585,0
2011-08-18 17:00:01,0.124218,0,0.827133,0,4.08897,0,7.86585,0
2011-08-18 18:00:01,0.112733,0,0.823726,0,4.18892,0,7.86585,0
2011-08-18 19:00:01,0.109907,0,0.819045,0,4.25833,0,7.86585,0
2011-08-18 20:00:01,0.103028,0,0.814865,0,4.28685,0,7.86585,0
2011-08-18 21:00:01,0.108101,0,0.81054,0,4.28025,0,7.86585,0
2011-08-18 22:00:01,0.10934,0,0.806065,0,4.26278,0,7.86585,0
2011-08-18 23:00:01,0.0928143,0,0.801854,0,4.23594,0,7.86585,0
2011-08-19 00:00:01,0.0860547,0,0.798534,0,4.2459,0,7.86585,0
2011-08-19 01:00:01,0.0710621,0,0.797082,0,4.29882,0,7.86585,0
2011-08-19 02:00:01,0.073246,0,0.796548,0,4.32618,0,7.86585,0
2011-08-19 03:00:01,0.053619,0,0.799077,0,4.37302,0,7.86585,0
2011-08-19 04:00:01,0.0822508,0,0.800998,0,4.37419,0,7.86585,0
2011-08-19 05:00:01,0.094796,0,0.80454,0,4.36864,0,7.86585,0
2011-08-19 06:00:01,0.096919,0,0.808323,0,4.27051,0,7.86585,0
2011-08-19 07:00:01,0.144831,0,0.812244,0,4.19734,0,7.86585,0
2011-08-19 08:00:01,0.174156,0,0.81619,0,4.08794,0,7.86585,0
2011-08-19 09:00:01,0.151114,0,0.819527,0,3.93173,0,7.86585,0
2011-08-19 10:00:01,0.152806,0,0.822789,0,3.91114,0,7.86585,0
2011-08-19 11:00:01,0.146851,0,0.825288,0,4.00461,0,7.86585,0
2011-08-19 12:00:01,0.162199,0,0.826791,0,4.01513,0,7.86585,0
2011-08-19 13:00:01,0.189219,0,0.827438,0,3.99156,0,7.86585,0
2011-08-19 14:00:01,0.15752,0,0.826892,0,3.93433,0,7.86585,0
2011-08-19 15:00:01,0.158473,0,0.826146,0,3.92097,0,7.86585,0
2011-08-19 16:00:01,0.135728,0,0.825052,0,4.03701,0,7.86585,0
2011-08-19 17:00:01,0.101354,0,0.822621,0,4.10979,0,7.86585,0
2011-08-19 18:00:01,0.100434,0,0.818618,0,4.24083,0,7.86585,0
2011-08-19 19:00:01,0.113808,0,0.81414,0,4.32028,0,7.86585,0
2011-08-19 20:00:01,0.104941,0,0.809444,0,4.28538,0,7.86585,0
2011-08-19 21:00:01,0.0976578,0,0.804836,0,4.24461,0,7.86585,0
2011-08-19 22:00:01,0.101289,0,0.800607,0,4.25472,0,7.86585,0
2011-08-19 23:00:01,0.0807769,0,0.796442,0,4.26228,0,7.86585,0
2011-08-20 00:00:01,0.077008,0,0.792692,0,4.26973,0,7.86585,0
2011-08-20 01:00:01,0.0724774,0,0.791195,0,4.31857,0,7.86585,0
2011-08-20 02:00:01,0.0632071,0,0.791161,0,4.32672,0,7.86585,0
2011-08-20 03:00:01,0.0492577,0,0.792263,0,4.35852,0,7.86585,0
2011-08-20 04:00:01,0.0694444,0,0.794578,0,4.39059,0,7.86585,0
2011-08-20 05:00:01,0.111746,0,0.798545,0,4.35418,0,7.86585,0
2011-08-20 06:00:01,0.0953485,0,0.804001,0,4.23732,0,7.86585,0
2011-08-20 07:00:01,0.138809,0,0.809229,0,4.12008,0,7.86585,0
2011-08-20 08:00:01,0.158723,0,0.814672,0,4.09048,0,7.86585,0
2011-08-20 09:00:01,0.142033,0,0.819495,0,3.96923,0,7.86585,0
2011-08-20 10:00:01,0.118189,0,0.823442,0,3.9981,0,7.86585,0
2011-08-20 11:00:01,0.123485,0,0.826116,0,4.12049,0,7.86585,0
2011-08-20 12:00:01,0.155339,0,0.827615,0,4.17461,0,7.86585,0
2011-08-20 13:00:01,0.171588,0,0.82821,0,4.09746,0,7.86585,0
2011-08-20 14:00:01,0.154666,0,0.828097,0,3.99793,0,7.86585,0
2011-08-20 15:00:01,0.144745,0,0.827454,0,3.99852,0,7.86585,0
2011-08-20 16:00:01,0.142985,0,0.826784,0,4.07181,0,7.86585,0
2011-08-20 17:00:01,0.101298,0,0.824295,0,4.14448,0,7.86585,0
2011-08-20 18:00:01,0.0898818,0,0.820033,0,4.23879,0,7.86585,0
2011-08-20 19:00:01,0.0887995,0,0.815328,0,4.37652,0,7.86585,0
2011-08-20 20:00:01,0.0915184,0,0.809785,0,4.38952,0,7.86585,0
2011-08-20 21:00:01,0.0882031,0,0.805667,0,4.3629,0,7.86585,0
2011-08-20 22:00:01,0.0940313,0,0.801495,0,4.32623,0,7.86585,0
2011-08-20 23:00:01,0.0947101,0,0.79768,0,4.2948,0,7.86585,0
2011-08-21 00:00:01,0.0783,0,0.794844,0,4.26786,0,7.86585,0
2011-08-21 01:00:01,0.080747,0,0.794027,0,4.27321,0,7.86585,0
2011-08-21 02:00:01,0.0641913,0,0.79478,0,4.31617,0,7.86585,0
2011-08-21 03:00:01,0.0538819,0,0.795829,0,4.34286,0,7.86585,0
2011-08-21 04:00:01,0.0753577,0,0.798638,0,4.39177,0,7.86585,0
2011-08-21 05:00:01,0.115963,0,0.802552,0,4.34631,0,7.86585,0
2011-08-21 06:00:01,0.0939848,0,0.807976,0,4.23533,0,7.86585,0
2011-08-21 07:00:01,0.13737,0,0.81308,0,4.13576,0,7.86585,0
2011-08-21 08:00:01,0.171899,0,0.818526,0,4.1081,0,7.86585,0
2011-08-21 09:00:01,0.134025,0,0.823215,0,3.97868,0,7.86585,0
2011-08-21 10:00:01,0.116202,0,0.827009,0,3.99956,0,7.86585,0
2011-08-21 11:00:01,0.111481,0,0.829102,0,4.18306,0,7.86585,0
2011-08-21 12:00:01,0.121878,0,0.829509,0,4.25932,0,7.86585,0
2011-08-21 13:00:01,0.121111,0,0.829606,0,4.26943,0,7.86585,0
2011-08-21 14:00:01,0.127411,0,0.828967,0,4.24066,0,7.86585,0
2011-08-21 15:00:01,0.129568,0,0.827686,0,4.22898,0,7.86585,0
2011-08-21 16:00:01,0.113125,0,0.826376,0,4.21994,0,7.86585,0
2011-08-21 17:00:01,0.0918464,0,0.823397,0,4.26185,0,7.86585,0
2011-08-21 18:00:01,0.083811,0,0.819117,0,4.35233,0,7.86585,0
2011-08-21 19:00:01,0.0901893,0,0.814362,0,4.41169,0,7.86585,0
2011-08-21 20:00:01,0.0848633,0,0.809706,0,4.40611,0,7.86585,0
2011-08-21 21:00:01,0.0827653,0,0.805883,0,4.37272,0,7.86585,0
2011-08-21 22:00:01,0.0729182,0,0.802044,0,4.37534,0,7.86585,0
2011-08-21 23:00:01,0.0687188,0,0.798215,0,4.38008,0,7.86585,0
2011-08-22 00:00:01,0.0652911,0,0.795526,0,4.39847,0,7.86585,0
2011-08-22 01:00:01,0.0597657,0,0.795547,0,4.40158,0,7.86585,0
2011-08-22 02:00:01,0.048923,0,0.798173,0,4.41692,0,7.86585,0
2011-08-22 03:00:01,0.0477129,0,0.79988,0,4.45099,0,7.86585,0
2011-08-22 04:00:01,0.0638228,0,0.803039,0,4.47685,0,7.86585,0
2011-08-22 05:00:01,0.103052,0,0.806833,0,4.42348,0,7.86585,0
2011-08-22 06:00:01,0.0895652,0,0.811507,0,4.32541,0,7.86585,0
2011-08-22 07:00:01,0.124128,0,0.815978,0,4.22187,0,7.86585,0
2011-08-22 08:00:01,0.215017,0,0.820524,0,4.12752,0,7.86585,0
2011-08-22 09:00:01,0.154131,0,0.822028,0,3.93045,0,7.86585,0
2011-08-22 10:00:01,0.151511,0,0.824628,0,3.80618,0,7.86585,0
2011-08-22 11:00:01,0.129569,0,0.826354,0,4.03527,0,7.86585,0
2011-08-22 12:00:01,0.137255,0,0.826087,0,4.09077,0,7.86585,0
2011-08-22 13:00:01,0.141398,0,0.825355,0,4.14806,0,7.86585,0
2011-08-22 14:00:01,0.127036,0,0.824332,0,4.13499,0,7.86585,0
2011-08-22 15:00:01,0.144791,0,0.8221,0,4.13024,0,7.86585,0
2011-08-22 16:00:01,0.117415,0,0.82049,0,4.15872,0,7.86585,0
2011-08-22 17:00:01,0.118756,0,0.817289,0,4.14973,0,7.86585,0
2011-08-22 18:00:01,0.119006,0,0.813201,0,4.21581,0,7.86585,0
2011-08-22 19:00:01,0.113554,0,0.808581,0,4.20142,0,7.86585,0
2011-08-22 20:00:01,0.0979018,0,0.803943,0,4.20482,0,7.86585,0
2011-08-22 21:00:01,0.108439,0,0.799616,0,4.2158,0,7.86585,0
2011-08-22 22:00:01,0.0995096,0,0.795874,0,4.22315,0,7.86585,0
2011-08-22 23:00:01,0.075467,0,0.7925,0,4.20713,0,7.86585,0
2011-08-23 00:00:01,0.0701579,0,0.789367,0,4.26348,0,7.86585,0
2011-08-23 01:00:01,0.0633381,0,0.789476,0,4.33193,0,7.86585,0
2011-08-23 02:00:01,0.0578227,0,0.791801,0,4.35074,0,7.86585,0
2011-08-23 03:00:01,0.0540689,0,0.794793,0,4.37913,0,7.86585,0
2011-08-23 04:00:01,0.0800538,0,0.798629,0,4.38516,0,7.86585,0
2011-08-23 05:00:01,0.0942072,0,0.804119,0,4.3471,0,7.86585,0
2011-08-23 06:00:01,0.110804,0,0.808988,0,4.24638,0,7.86585,0
2011-08-23 07:00:01,0.141097,0,0.813954,0,4.16779,0,7.86585,0
2011-08-23 08:00:01,0.211732,0,0.817887,0,4.01795,0,7.86585,0
2011-08-23 09:00:01,0.181084,0,0.819037,0,3.84492,0,7.86585,0
2011-08-23 10:00:01,0.158333,0,0.820515,0,3.74098,0,7.86585,0
2011-08-23 11:00:01,0.128908,0,0.821702,0,3.92342,0,7.86585,0
2011-08-23 12:00:01,0.116029,0,0.821526,0,4.071,0,7.86585,0
2011-08-23 13:00:01,0.120866,0,0.820255,0,4.18683,0,7.86585,0
2011-08-23 14:00:01,0.133739,0,0.819397,0,4.20485,0,7.86585,0
2011-08-23 15:00:01,0.143019,0,0.817933,0,4.15139,0,7.86585,0
2011-08-23 16:00:01,0.124923,0,0.816543,0,4.10531,0,7.86585,0
2011-08-23 17:00:01,0.105074,0,0.813465,0,4.12662,0,7.86585,0
2011-08-23 18:00:01,0.0983081,0,0.808766,0,4.21713,0,7.86585,0
2011-08-23 19:00:01,0.09317,0,0.803226,0,4.28032,0,7.86585,0
2011-08-23 20:00:01,0.091882,0,0.797412,0,4.28801,0,7.86585,0
2011-08-23 21:00:01,0.0894471,0,0.793243,0,4.27744,0,7.86585,0
2011-08-23 22:00:01,0.10203,0,0.788665,0,4.24117,0,7.86585,0
2011-08-23 23:00:01,0.0903077,0,0.785717,0,4.20468,0,7.86585,0
2011-08-24 00:00:01,0.104688,0,0.78356,0,4.15138,0,7.86585,0
2011-08-24 01:00:01,0.0749254,0,0.784812,0,4.16577,0,7.86585,0
2011-08-24 02:00:01,0.0649183,0,0.787294,0,4.18025,0,7.86585,0
2011-08-24 03:00:01,0.0571681,0,0.790312,0,4.29582,0,7.86585,0
2011-08-24 04:00:01,0.0727166,0,0.794481,0,4.33753,0,7.86585,0
2011-08-24 05:00:01,0.092596,0,0.799624,0,4.32745,0,7.86585,0
2011-08-24 06:00:01,0.107063,0,0.805131,0,4.24912,0,7.86585,0
2011-08-24 07:00:01,0.140642,0,0.810362,0,4.15526,0,7.86585,0
2011-08-24 08:00:01,0.197115,0,0.814551,0,4.01991,0,7.86585,0
2011-08-24 09:00:01,0.19117,0,0.81702,0,3.84334,0,7.86585,0
2011-08-24 10:00:01,0.103025,0,0.818971,0,3.8005,0,7.86585,0
2011-08-24 11:00:01,0.134268,0,0.820221,0,3.98284,0,7.86585,0
2011-08-24 12:00:01,0.13125,0,0.821237,0,4.20036,0,7.86585,0
2011-08-24 12:00:01,0.119453,0,0.820706,0,4.13384,0,7.86585,0
2011-08-24 13:00:01,0.142299,0,0.820661,0,4.14889,0,7.86585,0
2011-08-24 14:00:01,0.121895,0,0.820406,0,4.16093,0,7.86585,0
2011-08-24 15:00:01,0.128389,0,0.81914,0,4.12477,0,7.86585,0
2011-08-24 16:00:01,0.107594,0,0.817412,0,4.19188,0,7.86585,0
2011-08-24 17:00:01,0.134993,0,0.813209,0,4.18156,0,7.86585,0
2011-08-24 18:00:01,0.137509,0,0.809528,0,4.17518,0,7.86585,0
2011-08-24 19:00:01,0.118356,0,0.805237,0,4.08983,0,7.86585,0
2011-08-24 20:00:01,0.0995683,0,0.803631,0,4.11511,0,7.86585,0
2011-08-24 21:00:01,0.10075,0,0.799709,0,4.18774,0,7.86585,0
2011-08-24 22:00:01,0.0836118,0,0.796307,0,4.23887,0,7.86585,0
2011-08-24 23:00:01,0.0892145,0,0.793646,0,4.24793,0,7.86585,0
2011-08-25 00:00:01,0.0810109,0,0.793734,0,4.27511,0,7.86585,0
2011-08-25 01:00:01,0.0740128,0,0.796056,0,4.26627,0,7.86585,0
2011-08-25 02:00:01,0.0661502,0,0.798732,0,4.30725,0,7.86585,0
2011-08-25 03:00:01,0.0658904,0,0.802738,0,4.35182,0,7.86585,0
2011-08-25 04:00:01,0.0658904,0,0.806386,0,4.39225,0,7.86585,0
2011-08-25 05:00:01,0.0795053,0,0.809243,0,4.3991,0,7.86585,0
2011-08-25 06:00:01,0.100915,0,0.812165,0,4.37263,0,7.86585,0
2011-08-25 07:00:01,0.150614,0,0.815727,0,4.25885,0,7.86585,0
2011-08-25 08:00:01,0.161642,0,0.818777,0,4.10217,0,7.86585,0
2011-08-25 09:00:01,0.18617,0,0.821286,0,3.92543,0,7.86585,0
2011-08-25 10:00:01,0.120856,0,0.822681,0,3.9279,0,7.86585,0
2011-08-25 11:00:01,0.139668,0,0.823861,0,3.98169,0,7.86585,0
2011-08-25 12:00:01,0.148098,0,0.823895,0,4.14308,0,7.86585,0
2011-08-25 13:00:01,0.150741,0,0.823633,0,4.07372,0,7.86585,0
2011-08-25 14:00:01,0.12805,0,0.823697,0,4.06918,0,7.86585,0
2011-08-25 15:00:01,0.123236,0,0.822795,0,4.11109,0,7.86585,0
2011-08-25 16:00:01,0.113632,0,0.820243,0,4.19684,0,7.86585,0
2011-08-25 17:00:01,0.103065,0,0.816948,0,4.23689,0,7.86585,0
2011-08-25 18:00:01,0.102137,0,0.812707,0,4.27665,0,7.86585,0
2011-08-25 19:00:01,0.116293,0,0.808375,0,4.27757,0,7.86585,0
2011-08-25 20:00:01,0.0962192,0,0.80699,0,4.24942,0,7.86585,0
2011-08-25 21:00:01,0.0926035,0,0.804028,0,4.22794,0,7.86585,0
2011-08-25 22:00:01,0.0993384,0,0.800494,0,4.26993,0,7.86585,0
2011-08-25 23:00:01,0.0854255,0,0.797503,0,4.26761,0,7.86585,0
2011-08-26 00:00:01,0.0726259,0,0.795862,0,4.26908,0,7.86585,0
2011-08-26 01:00:01,0.0689721,0,0.796556,0,4.32185,0,7.86585,0
2011-08-26 02:00:01,0.0659613,0,0.798349,0,4.35901,0,7.86585,0
2011-08-26 03:00:01,0.0546968,0,0.80089,0,4.38551,0,7.86585,0
2011-08-26 04:00:01,0.0795278,0,0.804101,0,4.40045,0,7.86585,0
2011-08-26 05:00:01,0.0923462,0,0.808595,0,4.38544,0,7.86585,0
2011-08-26 06:00:01,0.105987,0,0.812885,0,4.2902,0,7.86585,0
2011-08-26 07:00:01,0.165223,0,0.817058,0,4.18814,0,7.86585,0
2011-08-26 08:00:01,0.175538,0,0.820755,0,4.04467,0,7.86585,0
2011-08-26 09:00:01,0.151849,0,0.823298,0,3.89493,0,7.86585,0
2011-08-26 10:00:01,0.177138,0,0.825335,0,3.90853,0,7.86585,0
2011-08-26 11:00:01,0.12136,0,0.825673,0,4.00301,0,7.86585,0
2011-08-26 12:00:01,0.131616,0,0.825742,0,4.04049,0,7.86585,0
2011-08-26 13:00:01,0.145436,0,0.82558,0,4.18035,0,7.86585,0
2011-08-26 14:00:01,0.131875,0,0.825121,0,4.13649,0,7.86585,0
2011-08-26 15:00:01,0.145089,0,0.824703,0,4.10836,0,7.86585,0
2011-08-26 16:00:01,0.138505,0,0.822827,0,4.12738,0,7.86585,0
2011-08-26 17:00:01,0.123758,0,0.81962,0,4.11156,0,7.86585,0
2011-08-26 18:00:01,0.117988,0,0.815753,0,4.15837,0,7.86585,0
2011-08-26 19:00:01,0.110224,0,0.811742,0,4.206,0,7.86585,0
2011-08-26 20:00:01,0.107445,0,0.808303,0,4.22025,0,7.86585,0
2011-08-26 21:00:01,0.103782,0,0.805652,0,4.22971,0,7.86585,0
2011-08-26 22:00:01,0.0956507,0,0.80143,0,4.23194,0,7.86585,0
2011-08-26 23:00:01,0.101652,0,0.797619,0,4.23334,0,7.86585,0
2011-08-27 00:00:01,0.0850061,0,0.795981,0,4.24217,0,7.86585,0
2011-08-27 01:00:01,0.0855481,0,0.795748,0,4.23499,0,7.86585,0
2011-08-27 02:00:01,0.0793293,0,0.797184,0,4.27512,0,7.86585,0
2011-08-27 03:00:01,0.0749841,0,0.800049,0,4.28634,0,7.86585,0
2011-08-27 04:00:01,0.0956683,0,0.803418,0,4.29804,0,7.86585,0
2011-08-27 05:00:01,0.0981014,0,0.807939,0,4.28068,0,7.86585,0
2011-08-27 06:00:01,0.110381,0,0.812568,0,4.22134,0,7.86585,0
2011-08-27 07:00:01,0.135074,0,0.817031,0,4.18856,0,7.86585,0
2011-08-27 08:00:01,0.163688,0,0.820639,0,4.10101,0,7.86585,0
2011-08-27 09:00:01,0.147275,0,0.823786,0,4.01253,0,7.86585,0
2011-08-27 10:00:01,0.118717,0,0.826249,0,4.01183,0,7.86585,0
2011-08-27 11:00:01,0.154738,0,0.827833,0,4.10174,0,7.86585,0
2011-08-27 12:00:01,0.134536,0,0.828068,0,4.15152,0,7.86585,0
2011-08-27 13:00:01,0.131928,0,0.828425,0,4.09726,0,7.86585,0
2011-08-27 14:00:01,0.126748,0,0.828024,0,4.17385,0,7.86585,0
2011-08-27 15:00:01,0.120754,0,0.826976,0,4.19904,0,7.86585,0
2011-08-27 16:00:01,0.118396,0,0.825492,0,4.22815,0,7.86585,0
2011-08-27 17:00:01,0.103738,0,0.823196,0,4.26073,0,7.86585,0
2011-08-27 18:00:01,0.100345,0,0.819553,0,4.2921,0,7.86585,0
2011-08-27 19:00:01,0.0984735,0,0.815624,0,4.33205,0,7.86585,0
2011-08-27 20:00:01,0.0985118,0,0.811874,0,4.32782,0,7.86585,0
2011-08-27 21:00:01,0.095414,0,0.80818,0,4.31392,0,7.86585,0
2011-08-27 22:00:01,0.0860727,0,0.806098,0,4.30636,0,7.86585,0
2011-08-27 23:00:01,0.0821032,0,0.802796,0,4.31759,0,7.86585,0
2011-08-28 00:00:01,0.072764,0,0.800953,0,4.34435,0,7.86585,0
2011-08-28 01:00:01,0.0627529,0,0.801153,0,4.37025,0,7.86585,0
2011-08-28 02:00:01,0.0587381,0,0.802204,0,4.40891,0,7.86585,0
2011-08-28 03:00:01,0.0479363,0,0.803794,0,4.4537,0,7.86585,0
2011-08-28 04:00:01,0.0682143,0,0.806612,0,4.47136,0,7.86585,0
2011-08-28 05:00:01,0.0759543,0,0.810252,0,4.46462,0,7.86585,0
2011-08-28 06:00:01,0.106374,0,0.814106,0,4.37193,0,7.86585,0
2011-08-28 07:00:01,0.0969247,0,0.81867,0,4.31691,0,7.86585,0
2011-08-28 08:00:01,0.170033,0,0.822269,0,4.19464,0,7.86585,0
2011-08-28 09:00:01,0.124548,0,0.825458,0,4.14654,0,7.86585,0
2011-08-28 10:00:01,0.114636,0,0.828152,0,4.05218,0,7.86585,0
2011-08-28 11:00:01,0.103448,0,0.829775,0,4.23951,0,7.86585,0
2011-08-28 12:00:01,0.116266,0,0.830527,0,4.29539,0,7.86585,0
2011-08-28 13:00:01,0.12661,0,0.830616,0,4.30505,0,7.86585,0
2011-08-28 14:00:01,0.130183,0,0.831142,0,4.24879,0,7.86585,0
2011-08-28 15:00:01,0.120177,0,0.830476,0,4.22358,0,7.86585,0
2011-08-28 16:00:01,0.111587,0,0.829433,0,4.24212,0,7.86585,0
2011-08-28 17:00:01,0.0976241,0,0.827197,0,4.30248,0,7.86585,0
2011-08-28 18:00:01,0.0948384,0,0.823482,0,4.35264,0,7.86585,0
2011-08-28 19:00:01,0.0840584,0,0.819431,0,4.39957,0,7.86585,0
2011-08-28 20:00:01,0.0743294,0,0.815648,0,4.42102,0,7.86585,0
2011-08-28 21:00:01,0.071233,0,0.812438,0,4.45289,0,7.86585,0
2011-08-28 22:00:01,0.0668421,0,0.808647,0,4.46973,0,7.86585,0
2011-08-28 23:00:01,0.0719213,0,0.806412,0,4.46116,0,7.86585,0
2011-08-29 00:00:01,0.0600398,0,0.804142,0,4.45661,0,7.86585,0
2011-08-29 01:00:01,0.0555158,0,0.803371,0,4.45155,0,7.86585,0
2011-08-29 02:00:01,0.0490917,0,0.804331,0,4.49065,0,7.86585,0
2011-08-29 03:00:01,0.0423601,0,0.805588,0,4.51641,0,7.86585,0
2011-08-29 04:00:01,0.060654,0,0.807589,0,4.53171,0,7.86585,0
2011-08-29 05:00:01,0.0777567,0,0.811832,0,4.50561,0,7.86585,0
2011-08-29 06:00:01,0.0873805,0,0.815817,0,4.41892,0,7.86585,0
2011-08-29 07:00:01,0.129605,0,0.820129,0,4.32461,0,7.86585,0
2011-08-29 08:00:01,0.158345,0,0.824509,0,4.20756,0,7.86585,0
2011-08-29 09:00:01,0.138107,0,0.82743,0,4.0686,0,7.86585,0
2011-08-29 10:00:01,0.15068,0,0.830082,0,4.0349,0,7.86585,0
2011-08-29 11:00:01,0.116778,0,0.831247,0,4.12601,0,7.86585,0
2011-08-29 12:00:01,0.0966951,0,0.831305,0,4.19141,0,7.86585,0
2011-08-29 13:00:01,0.123993,0,0.830492,0,4.31633,0,7.86585,0
2011-08-29 14:00:01,0.110816,0,0.829226,0,4.33796,0,7.86585,0
2011-08-29 15:00:01,0.129307,0,0.827374,0,4.26121,0,7.86585,0
2011-08-29 16:00:01,0.125941,0,0.825127,0,4.2603,0,7.86585,0
2011-08-29 17:00:01,0.102138,0,0.821747,0,4.22561,0,7.86585,0
2011-08-29 18:00:01,0.0941742,0,0.817407,0,4.27785,0,7.86585,0
2011-08-29 19:00:01,0.109445,0,0.812402,0,4.33208,0,7.86585,0
2011-08-29 20:00:01,0.0872681,0,0.807686,0,4.32378,0,7.86585,0
2011-08-29 21:00:01,0.0890061,0,0.803568,0,4.29283,0,7.86585,0
2011-08-29 22:00:01,0.0870618,0,0.799842,0,4.32927,0,7.86585,0
2011-08-29 23:00:01,0.0841055,0,0.795819,0,4.30479,0,7.86585,0
2011-08-30 00:00:01,0.0761148,0,0.794406,0,4.3007,0,7.86585,0
2011-08-30 01:00:01,0.0600058,0,0.794104,0,4.32102,0,7.86585,0
2011-08-30 02:00:01,0.054296,0,0.795192,0,4.36772,0,7.86585,0
2011-08-30 03:00:01,0.0519529,0,0.797363,0,4.42605,0,7.86585,0
2011-08-30 04:00:01,0.0924405,0,0.800432,0,4.41083,0,7.86585,0
2011-08-30 05:00:01,0.109405,0,0.805467,0,4.33059,0,7.86585,0
2011-08-30 06:00:01,0.122962,0,0.810541,0,4.17933,0,7.86585,0
2011-08-30 07:00:01,0.147909,0,0.814988,0,4.10072,0,7.86585,0
2011-08-30 08:00:01,0.152699,0,0.81845,0,4.03506,0,7.86585,0
2011-08-30 09:00:01,0.154188,0,0.820668,0,3.97673,0,7.86585,0
2011-08-30 10:00:01,0.115841,0,0.822892,0,4.02022,0,7.86585,0
2011-08-30 11:00:01,0.110201,0,0.82387,0,4.11513,0,7.86585,0
2011-08-30 12:00:01,0.110076,0,0.824769,0,4.25366,0,7.86585,0
2011-08-30 13:00:01,0.108673,0,0.824499,0,4.28175,0,7.86585,0
2011-08-30 14:00:01,0.106679,0,0.823937,0,4.29139,0,7.86585,0
2011-08-30 15:00:01,0.107908,0,0.822815,0,4.29996,0,7.86585,0
2011-08-30 16:00:01,0.11951,0,0.821188,0,4.28882,0,7.86585,0
2011-08-30 17:00:01,0.101548,0,0.818575,0,4.27434,0,7.86585,0
2011-08-30 18:00:01,0.111957,0,0.814467,0,4.25581,0,7.86585,0
2011-08-30 19:00:01,0.101444,0,0.810361,0,4.28518,0,7.86585,0
2011-08-30 20:00:01,0.0753491,0,0.805432,0,4.28091,0,7.86585,0
2011-08-30 21:00:01,0.0653881,0,0.801677,0,4.34914,0,7.86585,0
2011-08-30 22:00:01,0.0892468,0,0.797128,0,4.39755,0,7.86585,0
2011-08-30 23:00:01,0.0813058,0,0.79427,0,4.36081,0,7.86585,0
2011-08-31 00:00:01,0.0938608,0,0.79287,0,4.26934,0,7.86585,0
2011-08-31 01:00:01,0.079748,0,0.79466,0,4.26141,0,7.86585,0
2011-08-31 02:00:01,0.0663934,0,0.797297,0,4.25574,0,7.86585,0
2011-08-31 03:00:01,0.0646178,0,0.800567,0,4.32858,0,7.86585,0
2011-08-31 04:00:01,0.0873961,0,0.804583,0,4.36333,0,7.86585,0
2011-08-31 05:00:01,0.10959,0,0.808876,0,4.31937,0,7.86585,0
2011-08-31 06:00:01,0.126039,0,0.813146,0,4.21234,0,7.86585,0
2011-08-31 07:00:01,0.125468,0,0.817101,0,4.13833,0,7.86585,0
2011-08-31 08:00:01,0.156303,0,0.820003,0,4.08466,0,7.86585,0
2011-08-31 09:00:01,0.147432,0,0.821967,0,4.0572,0,7.86585,0
2011-08-31 10:00:01,0.133877,0,0.823718,0,4.01563,0,7.86585,0
2011-08-31 11:00:01,0.12989,0,0.824968,0,4.08772,0,7.86585,0
2011-08-31 12:00:01,0.141054,0,0.825793,0,4.13584,0,7.86585,0
2011-08-31 13:00:01,0.117336,0,0.825916,0,4.15777,0,7.86585,0
2011-08-31 14:00:01,0.137373,0,0.825275,0,4.1572,0,7.86585,0
2011-08-31 15:00:01,0.113038,0,0.824575,0,4.2147,0,7.86585,0
2011-08-31 16:00:01,0.110821,0,0.823004,0,4.20386,0,7.86585,0
2011-08-31 17:00:01,0.0996883,0,0.820666,0,4.28754,0,7.86585,0
2011-08-31 18:00:01,0.111058,0,0.817168,0,4.2975,0,7.86585,0
2011-08-31 19:00:01,0.145936,0,0.813597,0,4.2604,0,7.86585,0
2011-08-31 20:00:01,0.16586,0,0.810307,0,4.11903,0,7.86585,0
2011-08-31 21:00:01,0.171937,0,0.807939,0,3.94754,0,7.86585,0
2011-08-31 22:00:01,0.183754,0,0.805327,0,3.84413,0,7.86585,0
2011-08-31 23:00:01,0.173424,0,0.802877,0,3.79538,0,7.86585,0
2011-09-01 00:00:01,0.126895,0,0.801266,0,3.81234,0,7.86585,0
2011-09-01 01:00:01,0.107447,0,0.801667,0,3.94149,0,7.86585,0
2011-09-01 02:00:01,0.0718668,0,0.802765,0,4.14538,0,7.86585,0
2011-09-01 03:00:01,0.0693064,0,0.80344,0,4.27451,0,7.86585,0
2011-09-01 04:00:01,0.136761,0,0.80494,0,4.323,0,7.86585,0
2011-09-01 05:00:01,0.161497,0,0.808275,0,4.17718,0,7.86585,0
2011-09-01 06:00:01,0.183986,0,0.811193,0,3.91121,0,7.86585,0
2011-09-01 07:00:01,0.190462,0,0.813167,0,3.79963,0,7.86585,0
2011-09-01 08:00:01,0.19428,0,0.813634,0,3.73322,0,7.86585,0
2011-09-01 09:00:01,0.170563,0,0.81326,0,3.74304,0,7.86585,0
2011-09-01 10:00:01,0.181725,0,0.812924,0,3.77434,0,7.86585,0
2011-09-01 11:00:01,0.155088,0,0.812145,0,3.85012,0,7.86585,0
2011-09-01 12:00:01,0.127297,0,0.811642,0,3.89512,0,7.86585,0
2011-09-01 13:00:01,0.127476,0,0.811509,0,4.02737,0,7.86585,0
2011-09-01 14:00:01,0.138673,0,0.811502,0,4.09571,0,7.86585,0
2011-09-01 15:00:01,0.124585,0,0.812242,0,4.08509,0,7.86585,0
2011-09-01 16:00:01,0.119408,0,0.813159,0,4.08517,0,7.86585,0
2011-09-01 17:00:01,0.105145,0,0.812401,0,4.15443,0,7.86585,0
2011-09-01 18:00:01,0.104638,0,0.811148,0,4.20229,0,7.86585,0
2011-09-02 15:00:01,0.125439,0,0.809106,0,4.22528,0,7.86585,0
2011-09-02 16:00:01,0.120748,0,0.807163,0,4.18306,0,7.86585,0
2011-09-02 17:00:01,0.0994585,0,0.804866,0,4.14155,0,7.86585,0
2011-09-02 18:00:01,0.10984,0,0.802749,0,4.17551,0,7.86585,0
2011-09-02 19:00:01,0.0994903,0,0.801379,0,4.21642,0,7.86585,0
2011-09-02 20:00:01,0.108298,0,0.801226,0,4.18468,0,7.86585,0
2011-09-02 21:00:01,0.109547,0,0.802845,0,4.18762,0,7.86585,0
2011-09-02 22:00:01,0.129508,0,0.805656,0,4.13594,0,7.86585,0
2011-09-02 23:00:01,0.14333,0,0.809387,0,4.08404,0,7.86585,0
2011-09-03 00:00:01,0.121094,0,0.813108,0,4.03296,0,7.86585,0
2011-09-03 01:00:01,0.110545,0,0.815794,0,4.06613,0,7.86585,0
2011-09-03 02:00:01,0.101602,0,0.817752,0,4.1842,0,7.86585,0
2011-09-03 03:00:01,0.0762835,0,0.818914,0,4.27754,0,7.86585,0
2011-09-03 04:00:01,0.0875486,0,0.818998,0,4.35688,0,7.86585,0
2011-09-03 05:00:01,0.127487,0,0.819219,0,4.37865,0,7.86585,0
2011-09-03 06:00:01,0.125506,0,0.820421,0,4.27083,0,7.86585,0
2011-09-03 07:00:01,0.11415,0,0.820943,0,4.16823,0,7.86585,0
2011-09-03 08:00:01,0.148713,0,0.821211,0,4.16591,0,7.86585,0
2011-09-03 09:00:01,0.159177,0,0.821313,0,4.12531,0,7.86585,0
2011-09-03 10:00:01,0.125173,0,0.821514,0,4.0369,0,7.86585,0
2011-09-03 11:00:01,0.125468,0,0.821773,0,4.07443,0,7.86585,0
2011-09-03 12:00:01,0.136341,0,0.822553,0,4.16594,0,7.86585,0
2011-09-03 13:00:01,0.140141,0,0.822708,0,4.14141,0,7.86585,0
2011-09-03 14:00:01,0.135181,0,0.822653,0,4.10865,0,7.86585,0
2011-09-03 15:00:01,0.126969,0,0.822203,0,4.11798,0,7.86585,0
2011-09-03 16:00:01,0.122722,0,0.820981,0,4.15343,0,7.86585,0
2011-09-03 17:00:01,0.112064,0,0.820008,0,4.19493,0,7.86585,0
2011-09-03 18:00:01,0.102249,0,0.819456,0,4.23404,0,7.86585,0
2011-09-03 19:00:01,0.0998235,0,0.818756,0,4.2819,0,7.86585,0
2011-09-03 20:00:01,0.0981009,0,0.817918,0,4.3132,0,7.86585,0
2011-09-03 21:00:01,0.0950111,0,0.818208,0,4.32312,0,7.86585,0
2011-09-03 22:00:01,0.0947378,0,0.819035,0,4.33125,0,7.86585,0
2011-09-03 23:00:01,0.0939592,0,0.819727,0,4.34074,0,7.86585,0
2011-09-04 00:00:01,0.0895994,0,0.820384,0,4.35069,0,7.86585,0
2011-09-04 01:00:01,0.0939749,0,0.821339,0,4.36189,0,7.86585,0
2011-09-04 02:00:01,0.0869841,1,0.822755,0,4.37756,0,7.86585,0
2011-09-04 03:00:01,0.0758333,1,0.823435,0,4.39486,0,7.86585,0
2011-09-04 04:00:01,0.103484,1,0.823939,0,4.41686,0,7.86585,0
2011-09-04 05:00:01,0.12434,1,0.825512,0,4.38027,0,7.86585,0
2011-09-04 06:00:01,0.12356,1,0.827614,0,4.261,0,7.86585,0
2011-09-04 07:00:01,0.143133,1,0.829724,0,4.18718,0,7.86585,0
2011-09-04 08:00:01,0.153293,1,0.831648,0,4.15125,0,7.86585,0
2011-09-04 09:00:01,0.144976,1,0.831876,0,4.09298,0,7.86585,0
2011-09-04 10:00:01,0.148345,1,0.831436,0,4.08617,0,7.86585,0
2011-09-04 11:00:01,0.121405,1,0.831092,0,4.13711,0,7.86585,0
2011-09-04 12:00:01,0.125107,1,0.830229,0,4.17664,0,7.86585,0
2011-09-04 13:00:01,0.137014,1,0.828458,0,4.23528,0,7.86585,0
2011-09-04 14:00:01,0.145498,1,0.82681,0,4.18735,0,7.86585,0
2011-09-04 15:00:01,0.12922,1,0.825652,0,4.14315,0,7.86585,0
2011-09-04 16:00:01,0.125492,1,0.824873,0,4.14422,0,7.86585,0
2011-09-04 17:00:01,0.112601,1,0.824715,0,4.20536,0,7.86585,0
2011-09-04 18:00:01,0.108785,1,0.823403,0,4.24095,0,7.86585,0
2011-09-04 19:00:01,0.104249,1,0.822309,0,4.28783,0,7.86585,0
2011-09-04 20:00:01,0.0923049,1,0.820599,0,4.3161,0,7.86585,0
2011-09-04 21:00:01,0.0836208,1,0.818355,0,4.35445,0,7.86585,0
2011-09-04 22:00:01,0.0923567,1,0.816513,0,4.38997,0,7.86585,0
2011-09-04 23:00:01,0.0781175,1,0.8155,0,4.40133,0,7.86585,0
2011-09-05 00:00:01,0.0772262,1,0.814609,0,4.39306,0,7.86585,0
2011-09-05 01:00:01,0.0748299,1,0.814866,0,4.43151,0,7.86585,0
2011-09-05 02:00:01,0.0652133,1,0.81626,0,4.44403,0,7.86585,0
2011-09-05 03:00:01,0.0451914,1,0.817981,0,4.48971,0,7.86585,0
2011-09-05 04:00:01,0.0791123,1,0.818746,0,4.52996,0,7.86585,0
2011-09-05 05:00:01,0.117972,1,0.821394,0,4.49172,0,7.86585,0
2011-09-05 06:00:01,0.114479,1,0.824964,0,4.32507,0,7.86585,0
2011-09-05 07:00:01,0.113695,1,0.828292,0,4.22742,0,7.86585,0
2011-09-05 08:00:01,0.175581,1,0.830812,0,4.19599,0,7.86585,0
2011-09-05 09:00:01,0.154212,1,0.832242,0,4.11583,0,7.86585,0
2011-09-05 10:00:01,0.139961,1,0.833647,0,4.00362,0,7.86585,0
2011-09-05 11:00:01,0.13163,1,0.834617,0,4.11638,0,7.86585,0
2011-09-05 12:00:01,0.124086,1,0.834557,0,4.19141,0,7.86585,0
2011-09-05 13:00:01,0.127189,1,0.833723,0,4.23448,0,7.86585,0
2011-09-05 14:00:01,0.133503,1,0.832383,0,4.24655,0,7.86585,0
2011-09-05 15:00:01,0.12169,1,0.83026,0,4.23324,0,7.86585,0
2011-09-05 16:00:01,0.115793,1,0.828121,0,4.23651,0,7.86585,0
2011-09-05 17:00:01,0.0984968,1,0.825295,0,4.29064,0,7.86585,0
2011-09-05 18:00:01,0.0950494,1,0.821539,0,4.3329,0,7.86585,0
2011-09-05 19:00:01,0.0910445,1,0.817681,0,4.37986,0,7.86585,0
2011-09-05 20:00:01,0.0811894,1,0.813479,0,4.38822,0,7.86585,0
2011-09-05 21:00:01,0.0825794,1,0.809698,0,4.39537,0,7.86585,0
2011-09-05 22:00:01,0.0765528,1,0.807562,0,4.40442,0,7.86585,0
2011-09-05 23:00:01,0.0788388,1,0.805096,0,4.38771,0,7.86585,0
2011-09-06 00:00:01,0.0739628,1,0.803703,0,4.38801,0,7.86585,0
2011-09-06 01:00:01,0.0691388,1,0.804621,0,4.383,0,7.86585,0
2011-09-06 02:00:01,0.0510319,1,0.806749,0,4.41612,0,7.86585,0
2011-09-06 03:00:01,0.0468152,1,0.808724,0,4.4708,0,7.86585,0
2011-09-06 04:00:01,0.0999202,1,0.811398,0,4.48944,0,7.86585,0
2011-09-06 05:00:01,0.102019,1,0.816169,0,4.40679,0,7.86585,0
2011-09-06 06:00:01,0.106287,1,0.820499,0,4.25505,0,7.86585,0
2011-09-06 07:00:01,0.150187,1,0.824928,0,4.21821,0,7.86585,0
2011-09-06 08:00:01,0.140684,1,0.828403,0,4.15451,0,7.86585,0
2011-09-06 09:00:01,0.154043,1,0.830737,0,4.05378,0,7.86585,0
2011-09-06 10:00:01,0.138397,1,0.832469,0,4.09379,0,7.86585,0
2011-09-06 11:00:01,0.116379,1,0.833206,0,4.12385,0,7.86585,0
2011-09-06 12:00:01,0.111181,1,0.833226,0,4.23122,0,7.86585,0
2011-09-06 13:00:01,0.116266,1,0.832278,0,4.30928,0,7.86585,0
2011-09-06 14:00:01,0.116395,1,0.830416,0,4.31587,0,7.86585,0
2011-09-06 15:00:01,0.11463,1,0.828061,0,4.29843,0,7.86585,0
2011-09-06 16:00:01,0.111975,1,0.825606,0,4.29531,0,7.86585,0
2011-09-06 17:00:01,0.0947325,1,0.822176,0,4.31041,0,7.86585,0
2011-09-06 18:00:01,0.112244,1,0.818008,0,4.31994,0,7.86585,0
2011-09-06 19:00:01,0.102279,1,0.813705,0,4.32821,0,7.86585,0
2011-09-06 20:00:01,0.09285,1,0.809567,0,4.28211,0,7.86585,0
2011-09-06 21:00:01,0.0991583,1,0.805977,0,4.29931,0,7.86585,0
2011-09-06 22:00:01,0.0976914,1,0.802981,0,4.29167,0,7.86585,0
2011-09-06 23:00:01,0.0857002,1,0.800975,0,4.26508,0,7.86585,0
2011-09-07 00:00:01,0.0823789,1,0.799836,0,4.27801,0,7.86585,0
2011-09-07 01:00:01,0.0659538,1,0.800213,0,4.32292,0,7.86585,0
2011-09-07 02:00:01,0.0494587,1,0.802212,0,4.37431,0,7.86585,0
2011-09-07 03:00:01,0.0497891,1,0.804785,0,4.45558,0,7.86585,0
2011-09-07 04:00:01,0.0654584,1,0.807612,0,4.49644,0,7.86585,0
2011-09-07 05:00:01,0.0896212,1,0.811406,0,4.45391,0,7.86585,0
2011-09-07 06:00:01,0.111074,1,0.816082,0,4.35429,0,7.86585,0
2011-09-07 07:00:01,0.101032,1,0.820619,0,4.26969,0,7.86585,0
2011-09-07 08:00:01,0.151617,1,0.824025,0,4.2001,0,7.86585,0
2011-09-07 09:00:01,0.124744,1,0.8262,0,4.18244,0,7.86585,0
2011-09-07 10:00:01,0.135588,1,0.82814,0,4.09618,0,7.86585,0
2011-09-07 11:00:01,0.0946624,1,0.82938,0,4.21255,0,7.86585,0
2011-09-07 12:00:01,0.0976566,1,0.829609,0,4.27052,0,7.86585,0
2011-09-07 13:00:01,0.096201,1,0.829003,0,4.39729,0,7.86585,0
2011-09-07 14:00:01,0.0853864,1,0.827906,0,4.4056,0,7.86585,0
2011-09-07 15:00:01,0.109327,1,0.826405,0,4.40604,0,7.86585,0
